Puzzle,Difficulty
.2.4.......9.....8456....9..8..1..65.1...68....4..........8.9...789.1.....5.62..7,Expert
2.....5....6..9.8.....4...1..89............25...5.4967..5..87.4..........6.125...,Intermediate
46...8.....9.1.8.33.....5699..........8..5..7.7......1....81....1.4...9.5..3...7.,Easy
.....9..89764.3.....36.....13.......468...7..........4...15.8.6..9..4.535........,Intermediate
6....7..9.2..5.61.35.......5.4.......13....7.96..........97......5.361.7.9.2.1.5.,Expert
.......7...2.45......182..4.....7...4.9.2.....1..3.8...5...3..8..4259...3......1.,Expert
4......6..9.5.......5.9....9..4...2......19.31...63.....8...4..........6.2385....,Easy
8.............7.8535...27...8.....4.57..1..2...17..9.8.....94.3..41...9.2........,Easy
..47..6.....59..2.92...8.7.3.72...95.....3...6..85.....7.62...4......5...6.9...8.,Expert
9.4..2.7...63..2.9..2..4..636..8....8...6...7....3...4......5....59....2........8,Easy
.9.....76.24...1...1...6.3.....4..52.....3.....32......4.3.57.....6..5.19...1..4.,Expert
..4...5......1...9.9.6....735.........9..6..1.6.9...2...573..14...4.27...3..9....,Expert
...9.........4.......5.8.3.4...79..8...4.....7...8.1.6..98..6..5..6.3..1.73.1....,Intermediate
....8............2....5.7....9..4.5.2..7..14..1..2.3....1..94.7.8.17..2..32..5...,Easy
..72....5.287.4.1.....3...2..2.......7...9........1...7..3...5..9.8.2..7..1....43,Simple
..9.42..7...3.9....24.7...3.....4.3.6.....1.8...18.....87....1...2..3......26....,Easy
....3.72.864....1...2...4..67..1.....4....17.........5.1...36.7...7...51...2..3..,Easy
.3.2...........836.....9....679...42.42.8...9.........59......73.4....5.7..4.8.6.,Easy
..8.1.....5.978.6..........5..834.1.........61.....7..3..........67...8..7.45.13.,Expert
....8...221.47..5...4.....3.....32...........72..16...6...35..1......5..13....4.8,Intermediate
3.7.96..18..5.7...........2..8.53.1......82.6...7...58...93..6...........5..6.3.7,Easy
..2..84..3.5..1.....87.4.6......7..4....25.3..1.63.......5..........3..52...4...7,Expert
8.....94......5.8...6..8...62....1...9.6......1348..5..41.6..38...2.........54...,Expert
5..4...7..4...39.....968........2...9.78......5.3..4...956......24.8.3...8..37...,Intermediate
...1.3......25.4....7....3....3...58.528.7913.....52...3..98..2..8.........4.2..9,Easy
59.418......9.........56......1.....8...4.91......34.771..........83.1...4.69...3,Expert
....2..8..........24.3..1...8...5...3..6....915.2.846......1...6.....9.88...5..3.,Expert
...2987........32..........7...8.9..6..32....2..7.915.83....6...67.3...99.1..7...,Expert
.25.9.......2...8.6...8...3....2..6........7...97..4.5...36.5..7.6..23..5....8..4,Easy
1....8.2.5......83....35........3678......3..2..1....4..4....37.27.4...6..6.....5,Easy
.37.4.2.....5.7...1.5..24.7.21.65...4..823......1.....68..54.2.......3..5.4......,Expert
....6327.7...5...6.....8.....34..6......92748........3.7.84.3...86..5....4......9,Intermediate
.749..1......43.2.3.......9........3..7.12.9..9..6.8......7.......6...4.6.8..4.12,Expert
..7..985...2.1...4....83..1.......8.7.....2.92.9...14........32.1.6.......5...4.8,Intermediate
3.....7...8....9..9.5...2.6.9.28....72...96.863.........6..4.9.4..3........5....7,Easy
1........97.18...3.6...3....1.6.2........17....634.....34......6..2.8.3428...76..,Easy
.1..8.....691.2.5......5......92.7...9.5...1.....73...83......6..1.3..25...7....9,Easy
.8.....4.14...829339..54..1........7......43...3.1........9..8.5.....3..9...871.5,Expert
1...5.....3.....4......6.8.89..7.1.....3..4..6...1..9..8.........7...519.194....3,Expert
8.62.3....42......3.5.....1...6...15..7.......5..27.......4.....2...8..6.341.52.7,Intermediate
...7.8493...............72..736.....5.9...8.2..........972.35.8..5..9.....8.64.3.,Expert
..26..7....6.8..14.1..7.2..........8.....4...3.1..6...2.83.....6...1...7..429....,Intermediate
.65....874.7...2.138..........3...........1..85.1.4...2...3..5....678...7......6.,Easy
47...1..8......2.....856......9...47.57.8.6...9...28......7.1.5.......92..9...7..,Expert
...1.....4......8.2.79..........7..91.92.......68.....7...1.2....1....6.3..7.4.18,Expert
.78......1.9....2....6.....56..9.8....27..9.5.9.1..27..5...81..74..6...........54,Easy
.63...4.1..4.7......96.13........6.3.9.7...2...7.6.8..2...1........2379..........,Expert
.9..46..2.8...93.....2...7.9.....2......2.4.8.......6.7.48...2..26.3498....5.....,Expert
43.9..71..51.....9..7..58...7.38.....8.547.9....2......1..3.27...27.........9....,Intermediate
....1.....2.9.....14..8..7.68...1..957..6.42.2.......6....462..4...52.6....7.9...,Easy
......6.1...269...........82.....7..8..7...5..65.1..894..621...69..48..2....9....,Easy
75.1...4..43..7...1.95...7..9..317..5..2...14.....83..2..9.............5.1..4....,Expert
..1.328...5...9.3..3..6.71.....8.....27..5....6....18...67....85....3...9......7.,Easy
..15.8.2932..4...5....9.4.77.2..4....58..3.............9...27..........4814.....3,Intermediate
.83...4..4....3..22..15....3.582.7....8..6.4..1.3.....5.....26......5..3.6.......,Expert
7....439.....6.8........1....8..9...26...3.4.9....1..7.1.......832.........49...1,Easy
...16.....3.......6824........89.1.345.31.2........94...3......2....63...91.5...6,Easy
9..4..32..76.2...9....93......8.........39.87...641.9.....1.....2.....7..8.....46,Expert
.4.38....6..........9.1...8...4..28....16..........7.9.3....6.2..7..34..9.4..7.1.,Easy
.8...4.36.74.....96.38.9..7...6..3.8..9.8.......4...9....567......31..6...7....13,Expert
8.6....9..3...........8614..79.3..28..2...4..6....7....87..1.......2.67....4.3...,Easy
.2.6...85......36.73.........1.7....86.31.27...246...85.......7......81..1..2..53,Easy
..5.1..3.......4.83......522......939....428......8.....7.59......4...7..4..2.9..,Expert
5..8...........3...39.5..21..8..213.....1.69..2..7.....63.8.2..75.........1.9....,Expert
.....1.....7.5...4...9...26......4.2..43.56..1......596.37..2......2.9.1...543..7,Intermediate
841...7..6....4.....7...1...8...14.....4........598.6..3.67..9.7.6.3.5.4..9......,Expert
98..4..1.3......6..15...8.7..1....98..67.8.........5.....8......3.6.....5...9.4..,Expert
.9...1...265.9.8........4...5.8.....1.84.........15..87.62....9...7...2..2...865.,Easy
..1.5.9.2...9....4.8.71..........4....91..6..5....9..8....6158.....4..26...5.8...,Easy
..469....9...2.......4......3....48.7....9......1......2...6..834.8....1.8.31..67,Easy
237...........58...9.......47.8...25..8..4....2..96.........53.......6.2.543...9.,Expert
4..95.1.2....67......2.1.....26....9....3...4..7.9.6...6......7......2.5.93.4....,Expert
.928...6....3..7.8.8..6..45..5...87..4...........8....4..69...7..9.234..7...4.5.6,Simple
.8.......4..8.....5.2.........543..2.69..........2..8.1.6.8.......3..5......1249.,Easy
8....6.1...6......24..1...3......9.8....6.4.....5.8.219.1..3.5.5..2.......24..3..,Expert
15..........7....49.....2..7.9.3.....42.5.6...1..7....69...572........3.2..6.9.45,Expert
..7..9...3....5.6...2.1.....2.....3.......179.19....25.3..6.9.....52..83....7..5.,Expert
..3..9...8627.....5.7.2.........2.3.....682.13.6.1....7.5....2......7......6318..,Easy
.....7..5.......3.8.....4.6.6.8....3.3.....9792....85....7.8..2....29.6...965...4,Expert
....7.........85.....5..84...894...14....57..1....2.3...7.543..92........15.9..7.,Expert
.....3.7..4...85...7.2...432.46..39...5.....4....957......8..5.3...69.........8..,Easy
7284..9.......7..53.....8..5.6.......7....54..9..2..8.835..2..............4..37.9,Intermediate
.6.83..7.4..6.23...1.47...9.3.........81.....794....1.9...4.7..2.......8.8.....24,Intermediate
.1.87......9.....43......1.....64...8.23.....1.........86.3..9.9.3.8.7.1....29..6,Intermediate
..2...1...4..61....9.24..3.96..8.3.........5.........8.8.59.6.......4..2..46..8.1,Easy
.5..1.24.86..2......9.7....4...89..5...6...8...6.....7...8.........57.9...7..26..,Easy
..5..2.6.6...3...8..9.....35.......6..2....343685..19.21...4...........1.4....8..,Easy
.2....3..5.......8..6..1.5.......7..4.2.7.635.1..4.....7..24183...7........3..2.6,Expert
1....4.87...6.8......7.....63..4.1...9..2.34.82.1.36.......29..........1.7.....3.,Expert
1.......4..9.8.3...75..412......9.....1..7..9..314....9.4..5....2...3....8.29....,Intermediate
..4....78......2......86...7.....95...89....4..1..76......54...2..61........7..41,Easy
9...1...5..4....1261...48.97..........91.....86529............1..84..79.....7..6.,Expert
..7824....5.31.........6...3...674.11...4..8...4.5.6....3...72............8....53,Expert
2..41...55.42..31..6..8..7..716........1...2.4....35..3..7..4.......8.........1..,Easy
3.4.5.1..75.........8....4.5.16...3.96........37....1.4...1...8...34895.........1,Expert
......36.........569...5.7.2...94....6.1....3.7....14.9...234......4...7.3..1...6,Expert
....1..3.6.2......49....8....4..3..21.6..8...83...2......5....13...26.4..6....3.9,Easy
..795..8..6...3....8..7.....9.546..32.....7..3...8........6...9.5.4..3.......75..,Expert
64....57....4..9..9..5..83.....5....7.89..3...9.3.47..5362...............2.79....,Expert
..41.7...25........9..3..5..3...1.9.7.9......12.3....7..58...3.....725.88........,Easy
5..6...3..9..7..21.6..24.5.34...5.....1.....5....4.....24...719.........957......,Easy
2.3..9.71..1.2.....56........8.........7...1....5.86.....3.1..9....9....6....57.8,Intermediate
2...6.78.........1..19...64..2...3..4.6.2.....8..3..4....8.......71...2........78,Expert
..5..1..3....4.....91.765....4......56..9...83....4..1......83.47..........8.56..,Intermediate
..1..9..5..........4...5..1.84...1.9.....6.7....1..3....5....8.6.9.38.54.38.5.9.6,Expert
.9....3..1...4...2.....5..........7....7.3..4...4..598.1.....2.2..378.5.7.5.1...9,Easy
3..6..4...4978.36...8................9....87......46.2.3......9.....2.1.8.71..23.,Expert
...26....1....5.....2..3584..163.....8...2.7..6.4..3......8.7....4.7....8....4..6,Easy
2..1.....6.849.....7..........6.7..8.8....7.21..82..3...174.....342.....9.....3..,Intermediate
.....358..........7....62.4.65........41...3...18...7.123748...5..2......8.......,Intermediate
4......52.1..2......8.........51..4....4....3.....81.7..9.4..38....824.9..39.7...,Expert
..423....5...647....7...6..7...2...5..98...4..5.......2......83..69...2.89.......,Expert
3.9...28..5..2..79.76....3.4638........69......8.......4..7...6...4.6.......85...,Expert
.5.8...........5.4...3..67.......7.....176...83..4....18..6..2..7.483...5....1.67,Expert
.9...8.....6..3.977.35....8......4..5..82.6...2.96.............3.7.5..4........83,Expert
4.8..9....9....51..........1...8..4....7.......42.67918....26.77..4...5...26.1...,Easy
..43.1...3..9761...71.2.........76.....4.8..2.9..62..............2.....47.3...9.8,Simple
4...2..9..98.5..67.67...5....49...8............9.81.....6.4.8.......67.1145......,Expert
.....85......15.473....72.85..1....293..548..8...2.....1.............4.5....7..39,Expert
2..4.......8..7.1.6..258...4....61......2..5..2...38..8.5.34.....41.....7...8..6.,Easy
.2..9.8.4.....1....5.84..3......3...2...583...36..29....31.5..8......5...91......,Expert
.9..2..537.....8..........2..8......96...2.87.21...6.........75.13..9......68.31.,Easy
2.6....1.158...........3...........35192...87..29.8.617..1...3.9....2....8.....7.,Easy
....1.85.........4...423.7.....361...32........8...4.....8.7.....3...6.8.8..45..2,Easy
....4..61.....19.5...7...8.........8..4..95....938.......6.5..45...376....31.....,Intermediate
....1.....2.859.....8....7..3..8..5.47.3...9..15.......591......4.9.8..51...23.49,Easy
..32...717....4.......1.3.91.7....5.4....7.1..3...8...52.....3.........4..1....87,Expert
27....4..3..795....98.......2.5...8..8.67...2.49.2..56......3....6.....8...86...4,Easy
.4....6.115......4...2.....472..98........7.9.......1......2.5.69.4..27.5.16.74..,Easy
.39...7....7.9263.4..3...2..4.5713...5.........14..9.......4..6...6.9.17......4..,Easy
...5.1.48.....2.7....638.......86..4.........6..3..2......2..1..4..1...682...57.3,Easy
...3.2.......81..3...96.2.13.5..98.2.6....5...........8.3..6...5....4...492153...,Intermediate
.287.....7.139......3..2.1.4...8.9.........622...174..3.61.9...........689..7....,Intermediate
7.........49.71.5..12..9..........4......7.362...9.1....4.1....1....269....5.4..7,Intermediate
..7.5...8.1.....7.98...713.......5.2.........2..8...6..9..7.....5.9..3..3..2859..,Easy
.1..3.6.9.9...54......4.852.5...2....43.19........3...8.......36....4....2......4,Easy
9.4.6......59.13.....3...2..9.1.8.6...8.....93.....4..281....4...3.....14........,Expert
32..5.9..1.78.9.2.5..7......65.....2.9.........3..........6...76..1..2.5...2.8..9,Intermediate
...6....1.9.7...3.3....2.45...5....2..3....1..143..59...............7..66...1..5.,Easy
739.852..........38.17.....2..5...89..8..93.41.....5.2..7.......84......35....4..,Expert
.68...2...3.....51592.......2..5.9.8..5....7.9...........87...2657....9....9.5.3.,Easy
....1...3....26..558.....7.25..3..69..675..8.8....97...6.981...9..26.............,Expert
.4.....5....9......9..5.3.72.873..9.73....8....5...2..4.......5...26....8..39.6..,Intermediate
.......3.........4.9..3.528.218.7....47.9....5.8.1.79...49..3.5.723............1.,Expert
.2....4.....4.........985.....5.......9...1..78.13.95..4.3...7..58.142...1..2....,Easy
7.........6....85..5..2...9.95.1...6.829...........4..9......6..1.8.2..4..7549.1.,Easy
...2.....9.4..5....2539.....6..2...9..1......3..16........5731......3.74..9.....5,Easy
.....2..589.1..2...53.4..6.6..5...32.......4.3.8.6.1...8.691......3..6.........9.,Easy
.5...........8...7.....1..5...1.9.8...9748..1......4...12..5.4.4...3...27.3..45.9,Easy
.8.......429....6...........7...68...6...92.3...13...6...7.2..97...4.13...1.8..4.,Expert
...4.1.......7..6.7...2.....47.8..5.....6.1...5.1.4.........3..3.65..78...46.851.,Easy
92..........8.6.....3...4...4..9.........2.5...5.......582.4..9..6..538.3...6.1..,Intermediate
9.........8...7.43.....15...7.............38.......9..1.9..2.5..48.3.29...758.1..,Simple
1..2.3..436.59..7...91.......1............2.3.9..6..1..........6..4..521.5....946,Intermediate
......3.8...1.....4.1.3.6..7.83...5..35.9.7.4.9..8....5....4.979...7.53.......4..,Expert
..7..2.5..5...3..826...51...3.1....9..97...86.7..9.........97.3....6..9.......5.2,Intermediate
.65....4.....74.8..8.2....6.3.......7........2.49..36.643.....29......7...2.8..9.,Easy
.....3.86..4.7..9....6.4......3....54.18......6...7.4.8.9..6......1....3.1..95...,Expert
....6.......3..8...........6...7..2...1.285...356...7.19....2..3..8...16.82.5...9,Simple
...49.6..84..512......3.9.5..8.13..65....2....9.......314......9......3..2....8..,Easy
......2...9.8.....3....79..81.376.9.6..9823.......1....4..9..239..6.874..6...3...,Intermediate
.......2..9......767...53...4.7...5.3....84..9.75.3..85243.9.............39..4...,Easy
4..7.1.3....2....912..9.4...6.913...........5.....7.6..1...9..3.3....21......46..,Intermediate
2...7.48.8..29..5.3.....9...........7..5.2.3....83..6.5.....34..37..9.2.68......5,Intermediate
6.......1......9.5.79.6.....9.....2....2..1...86.53..9......8....1.376.29......53,Easy
.7....1.53..25....6.1.3.........62.4.4.......2.....5.......8...5..6...7218....6..,Expert
.7...14.6..............213.........4..3427...2.1..3.8....7..891..9..6..7....8.2..,Intermediate
...97.......8.5...21...3..5.......8152.....4......93.....3.2..4....4...74...1.293,Intermediate
.8....7..1..7....8....25......5.6.......82....641.....6..91.45..7.4..8.95.....1..,Expert
...8.1....649....3..5.43...6...3..7..4.6.........17.698.......1.17.5......3.....5,Intermediate
...4..........8..9......67....7...9.2.8........42.37.83.69.48.7..2.....3.1.3.2...,Expert
.9..3.7...4....9..6.27.....5.4.........6..3...............892.7.893.54..23...6..8,Easy
..456.1.96..2.....19..3..5.7.1...5.2.2....963...........3.......6.......2..31...7,Intermediate
.8.......3.6....98..1...37.....8.....9.1..4......27...8.9.6...4..489........72..6,Intermediate
...6.9......47......3.....753..8...69....4.5...45.6.3...2..798..9.8.......7..546.,Expert
9.7..3..6.4.......3.1...............4..6..283.6.7.9....84.91..71......2....4...6.,Intermediate
6.....1..1..7...85.9.....27.6..51.9.......2...8....45.....9......4..7819..1...7..,Easy
.31..6...8.....1....5..2..7.....3..1...597.2.....28.65.96..1..2....7....27......3,Easy
9....562..3.....8...273...9.....915.8.3.....6.1....2........7..2.1.98....5..7...1,Easy
8.......9.49......3....6.....5....7..239.....9..6....84.7..85....23.4.67...5...3.,Expert
..1..2......368...86..7..2..1.5.....3..421.........3..53....8...2..47..5...8....7,Expert
...7..13.8...61....1...9...4...28..........6....67..8...24...7....3..9....9.1.2.4,Easy
4.617...9..5....6.81.4....3............8....5..7.4583.574.8..91......7..........8,Expert
.8........5....47.........9.729..8.5..46....28....791.....7........25..6.9...1.2.,Easy
........7.........5..13......5..6.41.6..273..93.5..2..2..6.9.1...4...623......7.4,Easy
72..9.........81.486...25..6.......5......2.6....8..4...6..47.......5.192.....65.,Easy
3..9.....4.........5.7.3....9.4..25.51.3...7..7.....16.....9......2.6.4.7...4.52.,Expert
.87....3.4.......8..3...64....3.87.63..6.9..17...5.............9.5...1...16...59.,Easy
....4..............63.8....4..2..86....39..5..21...9.3...82...4..4..9...9.8.613..,Easy
2.63...9...3..5.........6.8.6.5......74...9..8......24.5...74.2..9........7..43..,Expert
.4..1..8...2..74.5.6...2.1....2.....1....594....96..5..9.......7.4......68514....,Expert
3...1.5...927.5.....7..6.8.6..2..9....1.6..7...9..7..3..........2.....91...8..6.5,Expert
..5...3.7.9.......23.9..51........2..56..89.39...7.6.5........1.8.62..3..2.1..8..,Expert
..63.81.5.....7.6...75.2..87.4...386.1.8...2...5..6....3.4....1..............5...,Intermediate
...6.12..........321......5.4........28..........38.....459..2..6.4..8...953...41,Intermediate
..4.8953......49.7...5...186....3..55..74.8..3..8....9...........5..83.1...951..4,Expert
3........78...9.6.....54........59...6..8...5.73....8..2.......63..9.87...9..2...,Expert
...47...2..1.2.6.9..35...........91....2....4.4....7..7.63.4.5.2...6..73.........,Easy
.6..2.3..1.......9.......124..6....1......97..197.32....3.....827.4...6...43.6...,Easy
6...3791.4..19.........2..41.2..4.7...67.3....945.............7...6..4.5.....1.6.,Expert
......67....2....89.5....2............637.295......7.3.68...1..2.9.3.8..35.6.1...,Easy
163....5.5.2.6....4.73..29....9..4..6.......2.......1....62..7......53..3...1.529,Easy
.9.....5..4.........753........8..6...8.4.7..6..3.95..53.8....7.8.47.9.....9..2..,Expert
.4......65......14..9.268.33.....1..6..1....5.....8.2..1...........326....3...4..,Easy
3......9.......25.9....5.4..7...6..3...9.2....493.7.8..85.2...4...6...2...2...86.,Expert
9...2..34.12.9......7..4..6.68......1..3....7.3..69......4...........7.8.91.82...,Easy
..4..285...3.9....9..5.1....9.....6..61..4.823.2..8..............6.192....923...5,Expert
......196.8.....3..9..2.4..........512...36...5.8.9.4..3.......5..49..1.2........,Easy
.423.......142........16.9..6.....293......7.........6.....1....1.94.5.22...5.76.,Easy
8.95....4...34.68...3.62.91.3..1....1.4.2.....5.....2..9.13.....8.......2........,Easy
8571...........1..6....378......1...2.8...53..3..8.2.73..........4.52....854.7.6.,Expert
....3.97.9..4....64.6......7..8....3364.1...9..1.......7....56.615.73..........37,Expert
624.758.3.75.8.2..8...........5......8..3...7.31.47......16.....62.......5.8.3...,Easy
..9...4.2.....23......4..5.54...6.....192...52.8....1.....9...46...5..83...6..1..,Easy
7...1...........26....973.8..9...57..6...5.31.....2..98..6.1..7.2..39.6........8.,Easy
..6....4.9....71.6..5.4...22..1.3..........5.1.7.5.9.......54.7...6..3...9....5..,Expert
51.......4.25..16...3.........3...5.1.7...4.6.4..9.7.....4..213.....6...3....5.49,Easy
...3..45.73..9...26...14.......6.....5.4792...4.5....3.7..4.....2..5.14....1.....,Easy
.....5..9..5.391......1.......9.....73.....5..69..7..2.7..6..38..2..857..5.......,Expert
...3....87...5.2..8...72..5....63....4..8..13...2.46.....8......8.7...4..51.2.3..,Intermediate
...4..6.......7...6958..4.......5..1...1.39..48.........76.....1.6...54994..1....,Expert
.9......8..8...26......73..1.7..9..663....7...2..1....3.9..............18..3..5.2,Easy
1...9...7..3..7....26..........3..6..72...3.....87.....8..14.9....98....6..2..1..,Easy
.3..9..2..81....5.2.5.....4......5...2814..6..6.8.2..1.94...1..6........8.3.6..4.,Easy
..9.1.36...3.7..9........219....6...4289.7.....6.....4.4.1..23....3.4.......6...8,Intermediate
.1.....4..4....9.67.....82..84279..16.1......27.8...5..6...5....2....7.5.....1...,Easy
6...9.1..1.92......7...6.4.5.7.4.....2...1..5...6.......3579...9.....3......132.4,Easy
..75.1.3.5.1..6.2...9.8.....8............37..9.6..2.5......95.....3..2..75....16.,Intermediate
..5.6.1..1..7......831.2...86.2.....7.....28......8.5..3.6..87......4......3714..,Easy
3..4..........9.....5..8.4.45.6.193.7...9.....91.8...6..9..6.7....5...9...7...1.4,Easy
........237..1..4....745...2.61....3....526.9.9..................769..1...153.9..,Expert
.6...82.9..8.76...2...5.....87....1.4...65.....2..............759...2..48.4..9...,Intermediate
8......2.4...3...8.13.6..............356.7.1.7.1...43..8.7..1.517..5......62.....,Expert
2.46..........9...7.....45.385...69.....3..74.........9.2..3.8.56.79.....48......,Intermediate
.....3.267.9..........74..34..7......8.3..2...9.....3.3.81..4.7.......19.1..4..6.,Easy
........5...2...6.....912.88..9......2.8..9.17......2.18.3....7...62...3....75...,Intermediate
968.....74.1.........6..89.54..7...68..14.9.....59.4..1.......5.7.......3...57.1.,Expert
.....2135..21........935.7..6......9..385..6.1.93..7..5...1.297.2...8............,Easy
.6.5..2..8....14..2..........7......15.3...6..431.......1.4...7.......85.8...631.,Expert
.7319.5.....52.........3....8...7....2.35..........9..9.........1.7.4..324.8....1,Easy
...9....6.61..2.5.....8...........79...8.9....3.54......86...1.1......977...2..4.,Easy
...7439...............89.15.4.....57..9..72.8....3.......2..7...954.........7...4,Easy
.4...1..685....3...3.5......1.3.6.7...7...........2....6...4.1.48..23.6.....5.82.,Easy
..7..2....21....4..6.....1.9...76..2.1...87.....4...81.4.......8.63.....7.9...6.4,Easy
.2..8..31..9.657.2.........753....8......7....8...2.6.5...36....9.72...6.6.......,Easy
862....4.3.9...6........5.....9..4.....2..3.14.563..2...3.2..9.5.8........1..42.5,Intermediate
.......6.....9...47.....8.2.9.4....65....1...4.....758..461.2...1.8.7.....5....87,Intermediate
..3......16...2....79..8.32.85...6.9..72...........3....29.61.35.............125.,Intermediate
85..2........1.7....3.........2.84......65.182....7..5.7....5..512.4...64......3.,Easy
.......4.4.....87.1..57..2...9..5...7..41.......7.9...6.....4.2.7.1..6..8512...9.,Intermediate
298....3.1..32.....7....1.......5.9......3.14..47...............824....1.4..9758.,Intermediate
.....31......9.........1..3.5.9..7......54..9..2..7..84.91.2.5..8.3....4.158..2..,Easy
9.3..4..........3.6..73..49...3...7..64.......951........9..18.1....57..5..87...4,Intermediate
.6....3..4....9..7.......597..4.159...39...8...468.7...9...5.46......1.5..13.....,Easy
.........8..74..9...7...2....1.8...93.8.25.7..9.3.4....12...7..97...25.1.........,Expert
..89.5.7....7...28..9.....32......1.8...2..6............12...853....9....7568...9,Easy
.3.6..8....78.5.............8.3..7.....7495.3...2..6..8.69.7.2.3......5.2.4.6....,Easy
......8..1..6.......7.8..9....4795....9..276.....1....2.5......41..9.....7..25.1.,Easy
6..27..1....93..8....8...6.7......5..1..5.67...3...8..95.6.8....3.51.....7.......,Intermediate
1.....9...73.4..6.....7...39.6..2.........7.8...4..........612.....1..3.2.4......,Easy
..64..........7863.1..8....4...........5.42...6......1.2.3...4.7..8....238..657..,Intermediate
....7.6.......3..9......278........16...39....81..23.......6..3..9..5.2....298.65,Easy
..1......2.8....9.4....6.8..59.6281....5....476.....29....9.......1...6.81...5.4.,Expert
.....8.......4..9.....3.1..7...826..2..7...19.6.39....63..2.9.4.84.......7..1...3,Expert
..4..5...32.8.....5...6...1....1.......3...2......69..4..9..5.6........39.36.14.8,Expert
.9..1.65........4..287.....219.8.....6.27.....5...1..49...6....1..82.9.6.4.5.....,Easy
.73......296...3..1....7..6...12..4....6.823.8...731..41..6......7.1....329......,Easy
..3...48..5....1...84..1....7.4.....3..9..5..2.5........13..7........215...7.9.3.,Intermediate
8.6.7........8.4.33..9..........92.....2..76.9..53.8..........6...62..54..5..43..,Easy
.....6.85.87.4........5..4..69.....31.3..84.9....6......4.......98......6...7.91.,Intermediate
....756....7.9.14.6..1..3...4......93....2.......51..34......7...1.4.......3.79..,Expert
.....672....8....3.635.2..4.7.29.4.8......562.5....3......28..74...........4.39..,Expert
3....4..82......1.....5.234....3.48.6.1...5..93.......5....9....1..4...2....139..,Expert
.7.5.4.3..289........28.75.........7.4.....23.9..4.1..9...2..4.1...39..5...8....2,Simple
..91....2..89....51.....9.65...6.4..39...56.....4.....6.182.5...........42..5....,Easy
.........5.3..8.6969.5.3.7.7.8...2.............2.9....4..8....3.86..97...7..429.6,Easy
1.9..43.....2.8...4....1...7....91......7....3......2...692...8.7...64.........39,Easy
..............39.8......7.1..91..4...719...82.6..78.9....6..2..4...2..139..8...4.,Expert
.9.......7..68....6.5739...5.........8..6.93.3......648.....1...6.84.....17..6..9,Expert
12.........7............1974.951....2..9.85.....32...8975.3........4.8....4.....6,Easy
...9.256....46.........5...5.8..1.4...4.9.6...9..4...5.27..8....5..2.9........15.,Easy
..819..4...42.87..9...5...816....8...2........8.....9......2..1.....6.2..1.....74,Expert
.2...5.6.186.........4......3.....565.4...9...6....28..9862.4.....3......5...8.2.,Expert
.26..3....1..56......9....85..49........3..9......2.814..8..1......61........9.6.,Easy
.9....67......5...1.....8..8...4.1...6.2.9..7.471....6.....74.5..49.......6.2.9.1,Easy
.6.....3...8..7...1..3.987.4........7..8....4.16.......7..9.2.8.8..261....21.8.93,Expert
..8.3...7...21..3..3.....9.58..7....27.349..5.1.5.2..375......2.9....1...........,Intermediate
..5..2..96.4..9....7....4.841...........9...5..9...2165..........6874..1.8....7..,Intermediate
...798..3....2.5...4..53..8.1.27..3978...5...2................7......28...8.3.195,Expert
8..5...6.....69......8.2..55..1.8.2.2..7.5..31.....5.9....71....9....67......3..8,Easy
8.....1.6..2.51.3...5.....9......36262...5.8.........77..3.6....5...279.....8....,Easy
...56..381.5.8.......27.9....7.1....2.......3.18...79.78.......5.1.....9.....3..2,Expert
7.29..8..3...........7.5...8.65193...37..6....5......2.9...........2.17.......2.8,Easy
17.......49.7.386..3.8....4.....94.38..3.6..13.....68.6..4..1.......2.......7..2.,Intermediate
........6.......5..13....4....4...127..63.5....5.....7..2.73..447.9.1.3..965.....,Easy
4..2...1.....98..2..9.1.......8.1.......5612...3.......98.4.3..5..9....6.46..2.95,Expert
...68.......5..........92......3.6...2387.5..6.72.53..7.6....2....34...8.487.2...,Easy
5..83....7.2....1..841....2......6.7478...2..6...1..5..5........317.........8.7..,Easy
.7...9.14..9.8.7.......4..6..4...2...5.8....1....126..........5..1....726.84.....,Easy
......2....76...53..3.2.1.44.27..31.....92..66...3.54...4.....1..6.4....5.1......,Intermediate
....9..2.6..4........5....396....54...3....6.4.5......79....2.....9.4..8.58..37..,Easy
5.....163.23...........1.......96.27........9.....3....61.7.98.9....2..67.5....32,Easy
.3...2.8......8.37..73..126..2.........5...6.6...8.....8..35.....4..75.22.146.8..,Simple
..9.386........85..7......2.3.5...2.5..7..1...81..9.7.69...5......8.3......2.....,Easy
1.2...8...89..2.313....1....5....4868.........4....2.3.....4..2..8.9..5..96.3..4.,Expert
.43.78.......1...75..3.2...1......529..1....3.5..4..7....8...........41..9...7..8,Expert
2...8......871..4....4.6......1...2...........1..98564..5..42.6.8.965.....48..9..,Intermediate
..1.8.5...3.5.1...............135....5.7.6.481......7.78.3...6...62......4....8.2,Intermediate
987..6..55....3.....1.2.7.......5.2.1.27..8.6....685..2.....9..3......7...8...6..,Easy
..5.8...37..4...9..24.........92..45.....62.9.8.....3.2........6.7...3....8.5...2,Expert
.8...43.....2.7....5...14..43..7.9...9.8....7...51..4.849...52............7.2....,Expert
....596.331....5.8.....3.4..6.2.....12......4........19..8.2...4.......5..86..4..,Intermediate
6..27.....4..96.27...3...96314....6..574.....9...53...73.......4967...5...5...9..,Expert
8.7..3............69..483...5.3.4..8.4.51.7......6...9.71......4........3.9..78..,Easy
..2.9.........2.7339.5.1....4...........1...2.7....5..53.....48..8.23..7...7...1.,Easy
9......37..875.....4.3.....5....8..6....6.8....6145..9.....1...7..4..16..138....4,Expert
.3..42..9.....61....6....7.49...8...62....34...1........4.1..9....73...19.8.2....,Easy
.....1.76249..7.......3.....7.....3........2....4..6....1..6.....3...95.7.2.194..,Expert
2...6..4.9...14.....625.9.....1.........2....7.......6..4.7.31.6.2....74..93...2.,Expert
76..5..8.3.16.............9......3.8....7.15..1.8....257...2.1..3....29...6..1..7,Expert
......3..23...47..17............64.2...5.....4..1..53.61...3....247.5..1.....86..,Intermediate
4...1....7.32...........1.8...4.3..139..67......82.......9..8..2.6..43...84...6..,Easy
....7.4...1...953....1.......9....627...6.....43....7....2.3.5...56...9....45.7.1,Easy
2.97.165...7...........4.1.74...................5....9....431...9.....2...5.2..36,Easy
.7.8.2..6..2...8........17..5..4..97.8..76.5.6..2.14..41....7........96...5......,Expert
..7.2..43...1..2...8........7....8.43.58....7.6...15.......4..6.1...2....4.7..15.,Expert
...9.1.4.....7.......5.63...4.6...9..6.41.........2...4.6..7..9..3.4.67.27...9.1.,Expert
.26.....5.....341.....4.2..54.....97.3.6.....2....7.......761.....5.4...9..1....2,Easy
.21.........9...6....6.2..31...9873..8.2..1..5..73..867.9.6..........9......8...1,Intermediate
37..9..6..26........1.....8..4.....2.3....47189..........1.76..21.....8...32.8...,Intermediate
69......53....469..45...1.2..315.7....7....5...6..2..1...4....7............6..93.,Expert
.8.65..2.597...........3....7..6..9....5.....8.29....363.4....57...9.86....2...3.,Expert
....54......9...6......253.........2.8.1...9...1.8.....196...4..38..1.2.5..3.98.6,Easy
3..8.7..4..1..9.63..45..79.6..7.84.54..1..8....8.5.9..1.............5......6.3...,Easy
..9..68..2.8..397..1...24....14.....3......417..31.........7....4.....3.6..82....,Easy
9.542.......5.....4......6...2.5..79.....7.....1....4...7.....26.....354.5..1.69.,Expert
......495............1.87....1..5.7..827.6...4.79.15.6..58.96.........24..9..4...,Intermediate
...7..3........1.6.2.5......71..69..2.3....4.46......7..639.....5..1..9.1...47...,Expert
2718.....5.....46..8...3.........13.....2...6.3..61.8....7..6.4.1.....5.....8...3,Expert
.7....5..1.6.83..985.7.6.....519...8..1..56..78.6.4.......4....9......4.........1,Easy
....4......3....8.......2...4..2..1.....9.6.8..28...9...9.31.5.8.6..9..35....4.62,Simple
.7.1.....6.3847...2..6........5..........3..2.5......7..4..6.388....47.1..53.1.26,Easy
5876.....26.4.....9.4.........28.543.3..4..29....6..8.678.........8....2...5....4,Easy
.413..9..6...94.1...3.2..6..9...2.74.3..5..9.754..1..........3...2...........924.,Expert
....8.1.....216....9......6...4..872.6.1...4......7.5.6.....5.8.........2.7..4..9,Easy
..5.42....7....6...4....1.8...6...1.......7.68.9.......12..549...............728.,Intermediate
....943....1....65...51.....1....7.3......652...953.1.....2..4.9.57........4..9.7,Easy
.8.........37..9.....8...4...9.2....7....8...84.5.6.3...8..7.53.6...5.27.2...4..8,Easy
..6.5...128.4.....5..86.......1..25...9........7.....6..8.4962..72..84.....6.....,Expert
.12...97.64.9.7..37....246...95.61......23...2..4.........1..9....3.4...1.3.6....,Expert
...7....97...84....89.1....5...........8..7...2.....5865....2.....19..87...24...6,Intermediate
...7.......95..3....6.9..12......12........36...6..9753.2.5..9..1796....6..82....,Expert
146.7..23.....8..7.......612..13......19.....79......2..4...9.86.........73......,Easy
.9.5.21....7.9.2.54.....96..71.....2.5....6.....3.7.14...4..........1....4.73....,Expert
.........4..61..2..8.7....4......56.962......5.4...9.7.1....49.8.6.7..5...5.9..8.,Simple
1.7.4.8...3...8.64....7..5..74.3....36.....9..8.5.9..7...4............85.......49,Simple
.....5.9...1.....6.6.....278....7..3..3.8...2..512.6.....561.....8...9.17.2......,Easy
.9..2...67.2.6..4..4.8...912.....9.....1.9.8.1....63..91.........6......824......,Intermediate
..9...86.......1.........97...5.6.1....28...5...17..8..7.4....214..2.9..8..7...5.,Easy
321.7...4.95...1..47........42.65.1.13..2...9.........71....3.2.5...4.91.......5.,Expert
........2..7....93.......7.9..1....8..3..61..7.2..4.6....3...1...6.42.8..8......9,Easy
....8.2.....3.5.16.......9........416..85......82.9.....46....5.2..1396..........,Expert
.4..3..69.9......1..............89....5..6..7..3.758.4..8.......5...14..1764....5,Easy
...2..9......1.....1...86.78..54.17......92..5...2...4....8..59...9..4.87..6...2.,Simple
..8.....1.2...5.4...........4..2..15.853.74..21.8...7...47...3.95.4.......2....8.,Easy
.8.......6....94...2364.7........8.49.......5..6........83..5.....97.2...5..8.64.,Expert
.5..1.8...94.6......3..9.5....9..4.3........6.......252...9..48...6..9...4.8.5.12,Expert
........8278....4.6.....2.9.8....95...57..8.39.7.....6....42.......96...3925.....,Expert
.7.4.5.6.....714.8....92.........5......6.1.2....5..764..9...8126...47....1......,Easy
..7..2..33...91..7.1..578..........9....7...8.5..291..2....5.9...........8....2.6,Easy
.26.1.......89...58.953.7....175..6.....8.91......3...2.....58.6.........7..2....,Easy
..4.6.1.5.6..31......9..84.6.......9...8..7..41.3.9...7....4.....8..........9.4.8,Easy
2..4.187...5..29...1.8...4..5....76..92...41...75....9.........9...8.......7.91..,Expert
..2..7...8..6.54.........23..7.....1...3..2.......63..4..2..6.53.......875..8.13.,Expert
......8.5..5..8734.......2.3.4.9..58....27.........3..8...42.1.19.5...7.5.......3,Expert
...65...36.......4..2.......93.4.2....1..2.6...68.3...5....4......36.4..83.1.9...,Easy
..45...16.....2..97.1.9.5....81..2.74...8..........6..1....9.7......5......6...4.,Easy
57..184....1.2.89.2..9.6.....4.6.58...........8..751.....69..7.6..........2.84...,Expert
.......76.1...4.8...31.64.51.82..5...45.3..286.........5...86.3.............7....,Easy
..249.8..........667..3....9.....23..8.7......24......395..8....6..2............4,Easy
....4...85.........37.1.....6.5.14.7.8.4..5......8.6.235..2.1..1..87..2...6......,Easy
..4.56.3..5.72..1.2.9.4.......17.........4..7..6....4..41..93.5.............3.62.,Intermediate
..5...7...6........47.81.....8......9..5.862.2...6..7....1.......9.5.16...627.8.5,Easy
5..7..3.491.5...6...7.6..1....3..69....67..52..6..4............1..2..5.....149.2.,Easy
..682.19........2..3...4.8..9....36....695.14.5.......2...59.3......8..1.6.2.....,Easy
...2.....61.9......75.........8..2.3..8.6.9.1.9..2..6..2617....3....57..58.3.....,Simple
.........3.......84...68..1..35.21..5...41.6.81........8...6.2.1.4.2...72....7..5,Expert
18..346.....68......27......1.2...3...3.9....4.7.6....7...28....6....49.2.....3..,Easy
.5.94....1......89..6...1....243......3.96..2...2....163..5.4...........4...6.3.5,Easy
23..8.....45.163........285....3..76....4783....8..54.............46.1.8.5...1...,Easy
..264..9..98......6.5.8...3...21..4........68..65.....2..961...5...3....9....43..,Expert
.3.9..1..15..26..4....15.2......4.354...5.9.6.....2..17....94......7.36..........,Expert
.5..8......217....1....6....9.3.5...5.7.......6..9......1..852.7...5.63.6....79..,Expert
2..6.8.......37...7..2...38..2......4....675.6.7.5.1.3....8.......5..4...3..4...2,Easy
..1..7.......89.4...5.21..6.....6.7.256.....98....2...6.2....18.4....9...9....4.7,Intermediate
.6.425..7......5...976..2...3......6...3.4...1....6.9.723...............6.4731...,Expert
6.3......8....5.......6..9....2...3...58.6.....257.....46..3.795.9.....4.37..48..,Easy
...5....2...3..18...62.4.9.94.....6.5...42..1....................368.92..98...4..,Easy
.4.9....75......43...68.2......9..2.85..........52.76.......89..8.....3.6..2..4..,Intermediate
...2..1..8.2..3.6.31....8.517....2..........62..6..3.7....51....6.7..9..5...6...3,Easy
...8.9.4.....23..8.......264.3.6..8...67..3..........1.6.31.4..1.94.......2.7....,Easy
..69.2.....8..693..........1.9...4.24.....6...2..93......12.....4....85....8.5...,Intermediate
....3..7....8....9..592..8..8...4..521......3.7.....18............3..29..9..78.3.,Expert
2....1...3............468.7..1....4....3.5.......8.675.....74.8.......5...4628..1,Easy
.3......4.7...4.8.....56.97....8.6.....6.9.5.....7........6.7..74.39...5.15..7..8,Intermediate
.8.3..9..3.6..8...2.1.6...78......9..7....6..16........4.89.7.2..3.14..8......4..,Easy
8.....6.7.2...91..7....849515....8..4.9.2.7.......5..9.4.....782............7...6,Easy
...1...4643.9..7.......39...5.....8.1...5...33....64.9....41...8......6..498.....,Easy
.53.8.....94.632.....7......68.....252...4..........3.4...7..........953639.2..8.,Easy
.27.5.......9.6..........5..8.6...15.321..97.5....82..25.8.1..7.9........7...9.6.,Intermediate
...7....4....9.62..52..3..19...6..........37..45........94.7.53...2.1.....46.....,Intermediate
16.3...5...3.916..2.......8.....28..8..1....2.2..84.919.........3....12........45,Expert
7...5.6.12............6.7..1.639....57.1......9...7......62.........1.2745...9...,Easy
..87.......2.6..1...4..9.......9.8..7..6......15....628...21.4.2..9...87..65.7...,Expert
....864..8..534.6......95...6........9..58..6..7...32.2.....694...9.2.8.....4...5,Easy
....9.1.4...........7.....3..9.7..5..825......71..9..2..8..74....513.8.9...9.45..,Easy
.96........1.3....5....4.1.....8.5.3.4..53.........648....1..8.3.7......9..675...,Easy
..3.6.......3.7..51.7........95...8.78..1..........6.1391...5..8.....26...58...3.,Expert
...2.....73........8..96........12.75.9..3..18.1..5..4..5........8.593..4.......2,Easy
.3..4..9..7...9.8.8...25.737.4..............2.....6....53..8.64....92..5..6.3....,Easy
...2..7..7....9.4...1.87.2..854....2.1..3......45.....1.8..5..9.498....3.23......,Easy
....4....631....9..7.3..1.27.3...4.912..95..3....6.............9..62.......157..6,Simple
.....23.95..9.....1....42..9..4.7..14..12...832...............2.....947....2.359.,Intermediate
..382.9...5.9..34.......5....23........4.96.2.74.6.....2.......9.6...43...5....6.,Expert
..4.5.32.5.1.93.76.2..1..5...7............74939.6.....2....9...4.5...2.........3.,Easy
....3......9.....6..7.59.......6..35..2....7.3.5..1..4.4...79..5.31...2..7.3.....,Expert
..9.....357..39.8.38.....15...57.....1...8..........5...16.....9.87..4.6.4.9..3..,Expert
..29...3.734.....1.5..2.8.7.2...9....1..3.5..8..71......8.........287...9..15....,Intermediate
86......1.......9.91.4..52...4261........5......97....5...2.7.4....19..2..76..9..,Expert
7436...9.....9......84....2.7......5....842.3..............654..869......94.257..,Easy
.6........4....261.1..453.8..8...41...5.2...3...4..5......87.......13.7...1.....5,Easy
49......68.1.....3..........3.95..14...4.85.....3.78..35..9......4.6...89..5.....,Easy
..4..1.32........423..5......7.....9..8.2..4.1.947..8...2.....1.7.8..25....1.....,Intermediate
.....9..241..7...8.......7.....43......2.....2.9..5.14....3..5.5..8.....9.87...41,Expert
......37.3..5....8....89..2..8..39.7.9...7.......46...7...62.5.........9..57...4.,Easy
.1...6.257.2.8.....36.2.........7.......12657..4...8.....3..184......3.....1.8.6.,Expert
...32....4......9..75....1....97.5..1..........2.3....92......8.8.4..1...518.9...,Easy
8..9.2..3.1.8..4..2.93...1.....635.........424...5.9..1.5........8...6..9........,Easy
.2....751..87...4.6.......83.4.....5.8........7.1......1.2.3..7.......2.5....41..,Expert
...872.19.7........1....5.....5....3....86.....69...5.......3.2.9..1..7...57...6.,Expert
.4....57....7.9.......4..2....5..2......6...8..58..3..97......33..67.4...6..92...,Easy
.8...........56......7..32.....3.45.4..5...76..8.4.2.1......5.3....1..8.35.4..7..,Expert
.93..2...1..6.....42..3....9.5.7.........4...2...5.1.33..1.59..6....3..4.......5.,Expert
..2.5.......32...1.........7...9..2.39..1.54....4..3....954....2....1..7.5.9.6...,Easy
.46.9...5.........5.2...7....39...4.....65...8.73.26........4..76....2.938.....6.,Easy
...19...........32.7......143..2....29.7..6......63..4..1...25.5....6...3..51...9,Easy
.24...7.983..2.....76..3....6......7..81.69....9....83...4........2....4.....8..2,Easy
.7.3.....1.......4.64.9...26....3.2..4.9.....2.184...6..9.12.............1.47..3.,Easy
.5..............9.1.....7.567...5.....5.7..41...29.8...2...9.6.....2....741.6.2..,Expert
.......2978....3..6.....7...3..7.8.....8.26...96.34..74.8...9..3......8..6...354.,Easy
8.653...9....9.1...9......8...87..1.7.2.............3....7.32..3.9....61..1.2..8.,Expert
..18.5...4........3.6.12..8.6...38.4...5.....8...49....259....6.3.......9.4..8.53,Intermediate
......75.....38........96....78.....1.5.6...98.6941...5.....9.33....4..66..15.4..,Easy
7596...............6..7..85.12....4...872..565..........5.....44...82.1.2....48.9,Expert
2.......8...37........45..........8..2.69.7..9.....5.26.4....3..8.4.3..6.39.8...7,Expert
6..9.1.34..1.........3...6..28.9..534..8.........5.2......68.2...24.5.86....1....,Easy
..4.7...2.6....485..5...9..6.....2.82...87.9.3.................59...2.37782..5...,Intermediate
8.........7....3..1...34..2..7.912.6....6....4.27..1..3......1..29.1.6.8.8.......,Expert
9....1.5....85.3.9......2.......76.3.....3...1.2.9.....5.178..2..13..76...3..6.8.,Expert
.4..95..2....2....5.14..36.....8..1....3124....9....8...5...64.1........8..9.4...,Expert
9...1.....56......4....3...5.1..7.....7.3..1......5..6.4....6.98...7.3...1.9.4...,Expert
.4..3..2.6.....73..8..2.9.6.1.7............9....31.6.8..98....27.....34.1..2.....,Easy
.1.......956.1...7..2..7.....78......9.24.6..24..6..9.5.....9...6.4....18......45,Intermediate
.931...4.2.4.7....7....5....483...9...15.483......9....82.....1................57,Easy
3..2.6.18..6.7.53.18.5....7.2...3.9.......72...............7...9.26.8.....73.21..,Expert
....37...7..95.8.4..9....31...........5...4.84....8..2.98...32...7......5.3.7...9,Expert
...7.2...34...5.9...2........85.3.47..5.9.32...7.2..5..8....1......89...7..3.1...,Intermediate
...689...............257...9.6.1.48.....4.2.9.5...67..4.91..6..8..9.5...5...7....,Expert
.........45..68.1.8.3......7..5.14....1.7..9...694...8...69.....1.4...6.....1.3..,Intermediate
...9....3......286....67..9..6235.98....793.........25......6..8.7316.....5.2....,Easy
.5.2....8.8..36..791..5....7.....12..3...18..8......6.2...8.6......6...........72,Expert
3..9..48........197.......6.4..6..2...6..18...8..4......3.....7..1.36.....4..96..,Expert
.1...8.3......379.2...91..637.....19.4....6.21....2..4.2.......69....1....3.7....,Expert
....5..6....4....5.....8....2...9..69.82.634....7.4....8....7.37.63....9....7..2.,Intermediate
..87.41...7..5......63.....3...9...4........9.6...58..4..1.67..1....7.8....5.....,Expert
..........1......4.3..5.17......5..1..4.73..57..6149..6...372..5..2......29...3..,Intermediate
...4.5....2..8.......12..43....1....91.3.....5.82941..2.35.....1....87...47....1.,Intermediate
.2....1...34.....2...9......13.85..95...3..4......956.8....16......92..4......92.,Easy
....8.94........8.......3.6..3....58.....87....647..9.5..8...31.6..19..5.87.4..6.,Easy
38.1.....7......8...2.8..17....9.7.........981.....34.4.9..76..6..2..1...7...4...,Expert
..9....5............6...9.....57.6..5....6.3..97.14.8...4..1.7...8967.151...3.86.,Easy
.98.74..331.2....9.52....4....9...14....27..5.....1.37...8.........95..2....32.8.,Expert
.5.6..19.29.14...5....3....13..8..2..4....6.8..5..4..3............36.....8..2.9..,Simple
.941...6...1..24...86.7..25....2.6.......5.8..4.6.17.2...7......5...9.....9......,Easy
..2.....93..2............85.54....9...8.53..1..98.........9.8.4.7531..........1..,Easy
.796.1...5....9.......4.32............1.964....67..21.......974.67..5..........35,Expert
...4589...49.6.1..3..19..2...28..4....5...8.6...........3.4.....8.3.5..9..69...4.,Expert
6.318.....8...7...15.......89.6...14...8.....7....5..9..641....4...........3.89..,Easy
3......2.7.96.........14......1.6.7....9...1.....3...49.275..61..32.975..........,Expert
.3..2.17.....3..95..21.8.....3812........738...5............6.......6.39.5..8...2,Expert
..2...4...4..3.28537.........96.5.........3.9..........6.....4..257..69.4...5...7,Easy
74.8....9...9..7.6.......5141...6..7.5..9.26.8..5.74..5....8................6....,Easy
...........918...31....785.9...7......2...57...1.5.3.26...........8.3....5...2.69,Easy
..1..7.......8.2....5.9..78...359.........3......28.9..58132.....7..5.3..69...1..,Expert
..913....4.3.26...61......29.1.6.......27.5......5.3..2......4...5....6..6..95...,Expert
.......62....9...8......3..4....3.7..83..45...9.7.8.4...4...7...2586.........528.,Easy
....5.1..6..3....54...1..8.19.4.6....2.........3.91.6.3....94.......2..856.......,Easy
.....4.........832...2...617.4.62.8........231..8.......7.2.....934.6....4.71...9,Easy
953....2..1..3...........4.....1946....6....5.........3.65..7......4...6.2976.3.1,Easy
.4...2.....1.3...26.........6.38.1....5.21...2.3..6..75.4..8....87.1...3....7.5..,Intermediate
6.32....8.9..........497.......21..9.........1.4.73...96.74.3..8.....9.63.1.6....,Easy
4.567..3.......7.....12.5.6....9...3..3...4.55...4.62...1.69......3....2....1...4,Expert
........8..5....3..4.9....5...4..1.9.16..53...3..61..75......717.3......89.......,Intermediate
...9.86.35.9.618....624..1.6........8.4...9...15.......21.....4...3...51...4...9.,Expert
3....7.2.8...6...57.4..26....3......1.....58..62..8.71..7...25........6821....4..,Expert
.7..5...9.4.1.37..8.1..74..7.5.381...............6.5849......36..6..........7.8..,Easy
5...7..43.7.4...8......2.6...1.3.8..2..8.41..3..16.....8......515...6...4........,Easy
....5.3..38...1..4..72..5.....5..........68..8..7.2...236..4.8.1...2..7.7.86....3,Expert
6394.1....87...9.........4..65.8.79...3...85...............8....74..63..9....5.1.,Expert
3.....8....1.7...4......321.1.76..8.4.2....63.....17..76..5....83..46..........5.,Easy
...9...1....753...4.......5.1...2.5.8....1...3.5......57.....32.2.48..799.4......,Easy
....3...2.8.9...6...152...852..1....1.328..9..78.9.5....6.....9........33....7...,Expert
........1.....6.4...9.3....7.4.....9.1..8..6.5..1......4.6.58....13....4.6.84..7.,Expert
....21..89...4.1.........3..4.7...1...5.8.2....2.35.9487..9.....9.318.....3..7...,Expert
..763...8.....2...91..4....4..8..7..18...3...7.34.19...96..7.......2619..........,Easy
..17.4..........69......2...59178....6.9.5.7.........1......1.8.12..6.5.8......42,Easy
.8...5.962..9..........4.....7869.5..3......9...53.2....5...7.......7.68..4.8....,Easy
....7.6.......9..2.8..5......2.....8..9..625.8.5....3..38..7...62.38.....9......4,Expert
....8....6..1.4.39.4..63..5...7......9..46..8.67.98..44...1...6.......7.98.......,Intermediate
6.3..1.5..5.......1.4..6..3....93..28..5....6.39...51.4..........8..2...2.1...43.,Expert
35...82..1...........5.1.3.74..82..3.6....4.........5.2.4...37857.....4..8......1,Easy
.6...9.4.....3..7.18.42.3..4.6......9...4.7....1.7.....9.81..2....2.......2..316.,Expert
1........3..1847...87....9..5.973..6.3.5.8...7...6.......89......3...5......4798.,Intermediate
..5.3.....4....1929.....3..1..9.4......62.....2..537...53...4........6..6..4....5,Expert
..5.8..9.23..79..4.....58...4.79...8.9.86...7....342........3...5........8.....76,Intermediate
...13..2.3....6.......9.6......5..8.....813.42....4.....4...2...1594..6......8.9.,Expert
258.1....6.....421........54.....9....2....38.13...6...6.8.2.4.1...5....3...91...,Expert
4.69....3........7....64.9.9.83..........59..7.1.....41....7.4...9..8.....7153...,Intermediate
....9..5..258....1.......68.64....9...9...8.75.7...62..7..5..1...8......1.642.7..,Expert
53.8........5....7.8.7...4..76.....39..34.67.......5..........8...2734...2....369,Easy
4.......5...9...4.5.713..69.2.79..16...6...5.....2....3.6.1.7.........9.2.53.....,Expert
....4....9...2...6458...9....2.....97.18...............6.1....7....5...2.1.97..45,Easy
..23...81.8.1...7..3...4...548.......1...52....6......3.5...........1.2....6734..,Intermediate
......3..84..3.......154...91.386.....6..1.......2....2...658..63....5....52...1.,Easy
......2..1.2....9..4...6.....741...2.84..75..61.8.......6..2..9..5...4..7...8...6,Expert
...3....8.1...725..94..21.3..37....55......7..8.4.13........4..17.....2....1.....,Easy
.....61.8.........7...35...5.1.4...3...97.5...7...3...1......5...53...49.83.9....,Intermediate
.6..8.....2..93..7..81.....9..3.26..7..5...38........2.....6.....58..7.3.....9..5,Expert
.6..7.3.2.....39.82...6.54...758.....5.9......9.6.2.5...924.....2......3.8.......,Easy
....693.....5....2.47...1..1...569....4...635...9........2..7....1.94.......37.26,Expert
.7.82.......4.....1...3.9.8........458....3........1...29.8...7.4..93.2..3...259.,Expert
3......95..521....9.1...6.......4..2...652.4.....3....24.9....6....48...5.......8,Easy
.79.2....8.......51.2....68.........32.57....95..38.1.691.8.3....3.1...7.........,Easy
318.4..6..9.23.1.......5.4.6.1...4..9......26.24...3...6.......8...1.5....3......,Easy
....685...3.971.............87...3.....79.8.4.94..3.51.....4......1..9...438....7,Intermediate
.53.71.84.6..9....7.8.4..9..........69....1.74...56......5.3.....6.87..5..946.3..,Expert
...7.......5..9.1..12.8....8..........7.....5..3.....92..87..931....5..76..9.32..,Intermediate
...7..2...2..18.9.....49..82.....5..78.5......5....4.3.9.8.4.5......3.1.3...7....,Expert
.7.14......2..7..38.6..3.7.3....514....7.163.....2.5...........1..6...2.5........,Easy
.1.8.62...7..39.1.8..2..9.3..8....6.7.......2.....2........8.7.1.4.73...39.6.4...,Easy
4.52.8....82.3...6.9.1.4......9.3..8......62......594..3.....8......15.........31,Easy
67.1.8..3.5..3..279....68............61..723...2.65.79....51.....5....9......2.6.,Intermediate
..9.3...47415....2....9.5..45.3..16..1..6.2....3..7..5....5.............3...146..,Easy
51.86..7.9.7.3..1.6.879.2........5......1...2..5.2....7.9..2.....6.8......1.7..6.,Easy
8.2.....7.4.....8.....4.....1....9..7..9.3....8.21.57.1..8....99....4...3.....2.1,Easy
.8..2....4.....32.3....95.1..5248....3...5.9............8.71...........9.9..3..48,Intermediate
6.1......9..........71.....7.4.3.6.9.85.69.4..9...75....8..4..3...3..7...7....485,Intermediate
...4.....3.9.82....1...9..5......653........4.....891.....645..1...3..2...2.1..48,Simple
..6.....9.9........1...42.8.8.2.....17..483.....36.....42.9....7....6.....8..17.3,Expert
1.92.6..7...37.51......1....21....7...7.8.15.9.6.2.3....8.........5..6.3....6....,Expert
...96.7....68..2....942..6.73.......2...35.9...8.......5.67...83.........9.......,Intermediate
.9........41.82...8...7...1.......7.......38...4.2..........9.8..743..2...29..45.,Expert
7....15...53......91......3..439...63.9.....7.6..75.4....9...618..6......95......,Expert
1.5.4.....42...7.9..3...1...7.6..9...2.4..5....69.1423......36..17.3.........9...,Expert
6.24..7...3.2....4....6...39..1.....3.....8.246.....31.7....6..2...8.1......42..9,Expert
.72.6....1....3...3...8....2...798.1...3...9............891.5...2..5...6..56...12,Easy
....671......8.....9.3.........13...3.......2.1.9.....26.....8...15..6.7.791...5.,Expert
.3.......1.8......694..3.....9.1..28.534..9..2....9.45..5..8..98..2.6....2...4...,Simple
5..4...1.......9...9.....8.27....5....8..2.7......3...81..2..9...9.1.7.3..25.9..8,Expert
1..8....3....7....23..19.......3.8....3.6.....76..8....6..529....1.835.2..29..3.7,Expert
....6........8.1..1..2.9....7......5.52..631..3.5...766........7..123..........97,Intermediate
371...8..56.....4.8..6..37.65...1.8....8.7.........4..7.....625...752.......4....,Easy
4....6.8.5.....6....37..5...3..7......738.49.1.95................1...9..8....4..1,Intermediate
127.......6...9....9..5..7....493.....26.7.1.6..1....93....47...1.97........3...5,Easy
...9....137.4..2....6.3..........1..637..8....8..24...2.8..9...........694.3.1...,Intermediate
.6...5.4.7.9..2.1.4.....6.5.......361.7.392.4....5.......9.6...51...7..2.........,Easy
..3..52.........5..2...9..7...7.3..4..7.5.9..5...9...8.64.......7.26..8...2..47.6,Expert
.86...4...5.7.9..8..16.5.2.....5.2...9....65.27...6..1.......7...4..2......49....,Easy
.7.54....1.........5.3.1......785.....12...68....16.....7..25..2.....6.3.4.....12,Expert
...5.7.9..9.2..4...4793..8.9..8......8.7..31.2.4.....5......172.1..........3....8,Easy
6.7..5.8.....29..445..3..79.........3...5......8....929....6.57....8.......4...38,Simple
...8..7.49...3..8.85.......4..7.5...5......46...31.8.....4....1..91..367.......9.,Easy
156..........8.1...82....6..41....8.29....5..5..2........9..4.33....16.....64...1,Expert
1..3......9..6.1....2........7....585...86...9..1.....65.71....7...3..9.3...95.1.,Easy
9.8.......2.83....36......4.97......13..4......67..38..4.69..3..7.....6.....7..41,Intermediate
.795..4.8..84.3.....3....6.......8.28.4...9.........76....4....6..9....59...3728.,Easy
..4.3..79.376..5.........3.8.2.67...97.2...8.4.....6....9.......8.3.9.........4..,Easy
9.........729.6.41..3..4.75.273...1......9....9.1.7536.....3.5....61.4.........6.,Easy
...57............4.15.9....1.9...6...3..4...24..71..5..2.........61..9.3...953...,Easy
748..........67..4........9.9.8.6..7413...9.........35.3.....6..56..8..3..4...1..,Easy
.19.......2..31......56......5.1.........8......64.3.2..8...94.36..82.5..5....2.3,Easy
.8.9..6....2....7..35.6....92.........86..2..7..1...35...75.9.....2..5.6........3,Easy
.4....9......26..7...1.56...63.....14...7............93........5.73...4.9.4.5.12.,Expert
....8....95....14.6.4........3.....5.7..1...8....7..6....19..5...746.....1..536.9,Expert
.6.79...11..46..3.4...1.7.2.3..7..5......53..62......................1...17.3.2..,Expert
45.2..7.1..3....9...913...2....78...5..9..84..2...5.7..4.....8..........8...5.324,Expert
752.......14.............8.38..127.....7..4...6.38....5..2631........3..1.6.7....,Easy
.7..5...8182....6........1..5.74.9.1....19...6..........5.....4.18....9.......287,Easy
8..9...6.1..............2...3.42.........3...4.6..19..9....468...5..941...46.8...,Intermediate
...3..7...1..8..9..6..298...4...6.39..6..1.4..........9.............72.3.2.4...18,Easy
.....46.16..72...9.4..352.717....4......4...32..37....3...9......75....2.......9.,Expert
.9.4..2.6.....185.........9....6.1..6..2....8.....8..2..5.96......5...833.1.426..,Easy
...93...6......4.....6.429....7.....7...4..8..6.3.81...3....8.2.94...6..8..2.1..3,Intermediate
5.49......3..7........43.6..6.7...5...861.4.........1..8.5.7..9.76......1...3.64.,Expert
.1.......7....9.32..25.6....8...36.5.7....9....1.6....86...2........7.....59...8.,Expert
..4586...3.5....6.2..........83....6.5....27..126......4.1....5....2..8.8......13,Expert
..2......7.1...952....6.8....89.....3.....59...5...786..6.5..1.98...3........76..,Intermediate
.836..17..56..3......82.........6.......3.62....5.4..1.741..8.2.....7.......4...6,Expert
......3.....7...211295.....2.3....7....4.593.......5....5.........1.67...72....94,Expert
...2.....6..1.8.5..245.3........14...694....54.1.8..3.............3.219.35......8,Easy
.4..37..1......3..........7..1...584.69......3...18...6....4.9......1......97.8.3,Easy
5....8...1.97....8...3...51..6...7...4......9...89...4...1....37......45..19..86.,Easy
.3...1.........73.18.2......4..3..2.6.89.....71..4...6...........639...8.9.128...,Easy
...2....6..48..35.7..5.....29....5...5.7.8..........623...4.7..6......94..5.....8,Expert
65..1...8..3.8..6.8.2...49..1962.......13...4..84....2.......8.3..........1.6.2..,Expert
.7....8.2....2..9.....63....9.5.7.....7....38..5..2..1...9.62....1..5.6........89,Expert
.9...7.3.26.8..4...4..6..7......68.59.....7...............536.4..3..49.76..9..38.,Expert
317....8..8.....5.64....1......9..7......6..9...4.73...3......67....5.98..9.6.53.,Easy
...1.5.3.89....1..6............9356.....1..2.3.2..6.8.23.7.......95......163.....,Intermediate
.........3..1..42......9..31..52.9...5.71.6...64.......3.....9.54.6.7.........762,Easy
..4.......9.7.561.7.2.3...9...39....5.3..6....2......7...5........6.752..4..1.9..,Intermediate
..29...571.5.......43.251..2..........4..9.2......19.8......8..5.......98....4.73,Expert
.8.......6........4......365...8694...94.2863.....7........4.2.3..6.8.5.92...5...,Easy
..1.98....................98.6.72.9..2.1..48...7....26...5..7.41.....86...84.7.1.,Easy
.79....4.23..7...56.....3..4...5.2....2.3..7...6...4........73.1....3.94..39.4.1.,Expert
...9...3...936...8.6....94...6.9..819..4..2.6...8...7..83.2..9.4.1..........1....,Intermediate
.5.6..7....3....62...87..9.....365..4.......7.2....8.48..3.....2....7......524...,Easy
57......916.7........9...3..2....7...4..1.96.....72.417.5...3.6.14.....5.........,Simple
7...5.2....3....51.....6...8.....6..956....12.2....57.19..78...2.........78..5..3,Simple
6.....5...7296........83...5....82..731.......2..1.....9.5.7.12.53.........3.1...,Expert
......5.7.52..6...8...9....9..2..63...6....12.....8....6.7.2.81.....9.2.....1...5,Expert
........969..52..3..261.....5.....3...7..8..29........5782...6.....7.....3...1.5.,Expert
7.3..8.......7.....64.......78.491..49.1...3...1.3....63.7..85...5.8..94....95...,Easy
....4..6..9.715...........8..91.7....2.4..........8.95.65..9..1.71...2..9..2.....,Easy
6..52..9.7...16......9.4...2.....6..5..4.1.....8........6...5....7.69.81.1..7...9,Expert
...5...........2......14...14....5...82..6...5.......34.....1.6.5..98..46...2.39.,Expert
...698.....9..1......2......1..8.23..7...41......3..6..34.....19....73.2.2741...8,Intermediate
....3.9.427............6........4...4.85...97.....9..8...24.7...3.7..265..7.9....,Easy
....69....3..7...5725..............7.9.....82.829..6...7..5.4.8..6...........425.,Easy
...........7.2...524.....7.3..4..6......82..1.1.63.4...52.6.7488...1.....3....1..,Expert
.......19....9.......5....7.684........7..14......13.66....57.379468....5.19.....,Easy
8..6...9.......21.3..8....7.3...8.7.....4...3.927.....9......2......4.69....16...,Intermediate
8............61.....52.84.....7..2.....1.683.....8...5.54.....669...57...7...2.48,Expert
.3.45.9......6..2....91.6.8..6...38...9.....15.........9......342..9.1.......3..5,Intermediate
.7.....8...9......6..5.2.3....4.9...2...........826.4.32.75.6..96...8.73...6.....,Easy
...53........49..28.1.........47...91.......3...2..5....3.2.8.728......179..1...5,Easy
..3.2..5....14...28.9..5..3.3.4....9....9..6..51...4...4...1..5............6...94,Easy
.571..8....16.....8...9..12....5........7..6....4..2...42.....8.6.9...217.986...4,Expert
..81...976.9.4.5..2..9.......5..7..9.....9.4......468.5...264............1....2..,Intermediate
1..9..5...3..4.968.5.6...37.71....8.86..3..4.9............5.........8.56...49.8..,Intermediate
8...2715...7.3.8.........9736.9.5..8...3....6....7...97.1......9836......5.......,Expert
.7.132.........9.2...4...31....8...9....5.278.4...9........3....98.1.45.....48..7,Easy
.......6..18.26..97...3........7..9....24.1...43.81.....7..4...6.........348.9..1,Expert
.946....3...39..8......76.....4...71..37.129..6....8.........6......89..3.2.7..18,Expert
.1.4.9.3...8.2.7...6..7...9..7.3..14......8..13.64.9........2.6.......812........,Simple
5....43....42..9..1.8.....78.5.9.2.4.....3..9...5..18.........1....2547.3....9...,Expert
.9............86.22.6.5.8.1..........6....5.83.....41..1......6.354......4..2.3..,Intermediate
72....4...5.....8.....96.1.5....28.7.....16.9.467.5....8..4.....6.........21.....,Easy
.........57.2.9...281.7....7..41.2..4.6.25.9...........5..9...8..7.4.......8..14.,Expert
...371..2..8....7......91....4..7....32....8..16..83...9.4....7.87.......2..6....,Intermediate
....2..8.2...9...6..83.65.........5.......869......4.3..6.3..2.42.8..3..5....9..1,Expert
8...7..26.....28..4.1..5....9..2.47..15.9..6...26.8..1..4..7.9.............9.6...,Easy
......4.8..1...3..7.5..6........1..5.5....89....49..3...61.37..3........1.7......,Intermediate
52.4......................72..9.3.7....7..1...34.1...5.8...1.4..53.9..1.4..8.59.3,Intermediate
24..61..9...8.2...9....3.5..6..4.9....9...3.6.......8.5......9...41.5..282.......,Easy
.3.9...4.89....7......57..2........3.2...5.193.4....7.451...98...........89....21,Easy
..29......7.3....6......2..896....575....8.3..3...4.6..2.8...7..5.7.29.4.........,Expert
..64....3.....9..........954...8.2..5...7.....2...37....9.3....7...2..8.853.....9,Easy
.459...8.6.3.5..929.2..8..1.........2....4.58.39..5.2.....69.3....18...9...5.3...,Expert
.1..62..338.1.9.....2....9..4..2.3....8...7..2......6..........83..4.61.9.1...28.,Expert
95.1..8...3...8.7..8.52.....2..154.....4......1......719...2..3....5........349.1,Intermediate
..87...3.1...8....63....4..52...1.843.....6...............12..7...4..32.8..3...5.,Expert
..35.4.26...132.59.....9.......6..3.4.2........59.1...6....8..4.89......3...2....,Intermediate
....2.7.....47.......9...............3..561....7.926454.2.6...11....49563....7..2,Easy
4....8..6135.4.9....9.3......2..5......1...........32..9...2....6..19..2.4..83..5,Easy
...27........9...47..45.96.4.2......39.8.25..5.6..98....85...............4....678,Expert
.......83......47.7.....5.6....1.3.4..8..4.6.3.6......9.........1.86.95...53.9..7,Expert
9.......6..3..92...27.6..5..65.4..9.......78..7.2....3....5.3....9........84.....,Intermediate
.2...9...13....42...6.2..1..7.2..6........7.33...5..4......1...4.5........1.93..5,Intermediate
....1.7......492.......598.....9..2...2....581....84.9...3......4..725...235.4...,Easy
1....92...9..4.18..24.8..7.9..1..56..16.....7.....89......7..2.6....5....7...6...,Expert
.1.9...8.3...7.2.....4...7...2...9.....7......47.2......915....17583..4.8........,Easy
.53.......1..2953...96...1........97....1.8.2.............6...88..2.3....35..7...,Easy
.1...46.8..7..9.............7..9..8....8..2....42.3...7.16...4..3.7...1..4...83.2,Intermediate
..5..4.9...8.2.....2....1..9.1285............2.......5.321.8.5.5.9.6....8...3.9.6,Easy
......2..381........5..89.3..9...5.8..2....9..541..7..............714.2..18.5..39,Easy
7.....15...27.....8...3..6...8......21.6..79..7....51..95.2..........2..1.6.8...3,Easy
.1...9..7......12..8......913.........741.53.4...98...3..........4...9.8.28....75,Easy
.....4..3......69....36.1.5.9514......72.....3.4...5..61.4..3.7......92...3....56,Simple
.6.74.9...2..653....93..72...4.9....37...........83...........5.3.5..24..57..4...,Expert
.2..619...4.....8.9.7.........21.....7...8...3..67.12...4.8.2...8...6..9..1.3...8,Easy
3...498..69.7.5.2...5.6...9.7....582.3.......85....4.62...3.95..6................,Intermediate
3.2.4.851..9...23......1..9...3.54.........1..4.....85...5.932.............186...,Easy
..2...1..4.....38......9......42..7..9..612.8..6...41...3.9......91.2.4...1.437..,Expert
..71..5..59....8....3.7..6..6...8.1..8.5..........9......327.8.12.8.....7.....6..,Expert
.2......6....42......3..1...12..3.6.947...2.36..9.7..........2.3....6541..9...3..,Easy
......8.2....1..94.......1..3.....78.82.9.1.3..9.......47.....92....4.3.91382.7.6,Easy
.9.5...41...867............16..7.9....8....155..6.....4..78...9...1....3....43..8,Easy
..8.492.53.......19...5...4...........5.27.8.2.781..5....3...17..97.2...5........,Easy
..6....5..5.9.8..6...1..49....3...8...96.4...3...7..4.61.7..5...45..1....9..8....,Expert
19...28....61.94......8.....8......2......1....2.5.9.84...25.....5.7...9........7,Intermediate
....2..14.92..1...5.46.......8..9...9....543.....3...9...15.9.6.....8.53......1.2,Easy
.7..3.4.2..9....6.6.2...15.2...91...95........1.72....134...9.....4..6.........3.,Easy
.435..1.879......3.......5...2.....5378.........3...8.9......74....9...1.5.18.9..,Easy
...564....5.......3.......61..43.56..3..2.9.1.26..9..4....8.....6.3....8..5.1..49,Expert
.....8.....54.2....32..7..9.819.4..3..7.5.....93....2....8..1...2.....54.19.....2,Expert
.8..92..5......3.2.37.6.....9.8.65..1....5...65.9...21......2.3.......78....7..1.,Easy
1.6..7..8.3..21..5...8.......9.65..3..3..2...7.5....61..82.....5...1.......9.6..7,Expert
.56.8...1.14.......2.9....5.9..6..2....81...9.....2.47.......5........188..4..7..,Easy
.......1.1...5....3.2.....6...3.2.595.3.41.2.6..5...7...7...1....56..7.32....9..5,Simple
.7.39....91......7...........6..8...8...5..9.......36.....31....43.7...1.9..4.75.,Expert
.9.61.38..8...3265.....8.7......6...........9...9578...2..6.1..3.1..2.....75..6..,Easy
5..31....7.4...1......7..95.....1..8.2....4....8....3....453.81......5.29..2....3,Easy
......43....5........8..2....52.8.6.2...3...4.69...8....1.......42.6.98.9.83..65.,Expert
...........47.6.8..5....1...1.9.....673.1.4..48...53..5.6...8.1.....39.......1.7.,Expert
......7...6372....92..65....4.2.8.......3....2.6..9.34...8....6.79.......5..46..9,Easy
..96.......351...84.....6.2...8.156......94...16.............831....39...3..46...,Expert
.....4796..35....2..8..6........9.....43......7..6.2594.....3.8...6..4.5.....7...,Easy
2....3....85.4.3.........91....2.91...69..5.4..14..26.5...1.......3.9......28....,Intermediate
......4...7.5.....1.....58..3..1.79..9..7..42..43...1.812......9.54....1......2..,Easy
.......4..59..6....4..8..19........1......27..2.1589.4..4.7.19....54...6.1.6.2.8.,Expert
......2...1.....64...94...8...2...4..2.8.93...3....5...4.12....18.4....6..2.5....,Easy
84...6....1....3..6....9....6....7.92.1.9.4..9..86...2..2.3....78........9.2.1...,Easy
7...8.....2....1..8.5.....25....1..4..36.7.......4....2.18........3..7.63..516...,Intermediate
.795....4..537.9.8........66....4...53.........81..7....1..6....9.7...1......9..5,Easy
....57....27.34..1.192..5.....7....3....18...98142......58.1...2..3..9...7.......,Easy
47..9........1..43.21............6..713..5...2..9......6..3.5....4.5....9..6417..,Easy
...4.317...8....9.....19..68.91..7...13.75.....4.9.........7968.....13.....8...4.,Expert
5..62.8........6...1.............17.8...6...2.7.5.1....3.....2.6..28.7....2.9...5,Expert
...8.2....5...3.24..9..73....89..4.........1.52.1.8..3.3....9..8.....5.1..7..1...,Easy
.3...7.46.9......88..4..9.1.4..9................3.1..74.7.2..6.....3......36.97.2,Expert
.......8....3..9649.....2.3..8.95.475.9.7......38....524......8.......5....24..3.,Easy
....827.....6.....2....4.63.41.3......87.1....6.89............66..9...34.73......,Expert
....43.1....2....5..5...239...6.412...83.............6.....5...2....9..446.1...9.,Easy
.7.65...3....3.74....1.....1..4...254.62..91...2.......3..9...........5.9.....1.6,Expert
..187.........95.....2....4..5.9842....41295....3.....5.....3.2...58....9.4...7..,Intermediate
......95.249.....65.......4.....3.42.9.4....3....7.8..87.3.2.......956...2.76....,Expert
42..65..96...497....9..2.3.......82...3......8....469......637...........98.73...,Expert
......7.....7...146........27..31....5.6...71......8.5.2...634.83..4....1...8..6.,Expert
..........6..41..8..35......7.....8134.7.......8..9..691.8.7...6....5.....7..69.5,Easy
.5..42..614..5......7...52.....7.6........8.....8.4....15..7.....6423.5.7....6..3,Easy
5..9.........1.6....8...9....3..6.2.......53.1....5....32.8...1.7.......86..29.7.,Expert
.5..4......4...13.9..2......2.69..5.13.....74..7...9.2....3...6..14..2......7....,Easy
.1..8..2....1.2...5......8...45..7.12....36..73...6.....37........235...465......,Easy
..8.9.4.1.......8.2.......5.4.9..5..139.57....5.....3.........3.....4...7.48...1.,Easy
.7.....8...5..231....63.4.2..3.6......84......27......8....1.6...657.14....2....5,Easy
.........39....2.72.....1...3...9...8..14..7....72.31....6......8..7.4.697..12.8.,Easy
6.5..41..7...839.5...5.9...8......4..1..37.6.5..9...83..8..6.........4....7......,Easy
...71.....5.6.9...8.....12.74....8....1.6.....89..46.....1.........984...9..2...1,Expert
.31942.6....6.1.93....7..........9...7.....1.......7.2.1.5..62.56...91....24...3.,Easy
.8.5....2..234..6.......5.....8..9.....2...18.........95.4...216...2..5..4.1.9.3.,Expert
.6.2..8..........7..1....9.8..1.2...9..6....4.4.......6....9321.2.86....1....49..,Expert
......2..3.7.2....1..4.9......3.1......56..3.....9..6..59...6..7.6.5..4.2.1.73..9,Easy
5.4..9..7.6....5....1.2.9.6...79.1..4....3..9.......43.3.1.....1.5..7.........6..,Expert
5..46..2..2........46.2.5.......867.7..254....197....2.....5...2...8.9.5......8..,Intermediate
..7......18...39...4.7.5.8..7..8.39..1.......4.3..92....8.....2......743.....7.5.,Intermediate
...6....4..9.85..15..2.49.6............1.856...54.2..9.......2..91........8.67...,Easy
..............7.42...23.71..28.7.....7....9..35.8..2..4.3.....9..9.8.5.4....2.3..,Easy
...5.97.....7.....1....8.94..4..........94.61...8...5.....5..7.5..3.781..76......,Easy
..........436.8..958..9.....57......6915...8.........4.3...9.5.8..3.67....68...4.,Expert
........6..435.....2.4.8...96......5..8..9.232..73.4.......2....95.....4...8....9,Easy
9.2....7..1435..2.......1.8..7.9..5....2.....5.9.4821.7..43......3..1......9.2...,Easy
....6....1.24.....57........3.....1.4.1..3......2.5.9.......7.3.1..7....3...9612.,Intermediate
....4....96.1.84.3.7..9...17..3.......5...3...1..7.......48....6....5.4.3.7..6.9.,Easy
768.2.9...2..9.............63.9...7..........19.8.5....897.3...3...628..27....5..,Expert
....57....158..7.27..26.3.4....2..1.4....3..8..7....4..3...6..1...3.2.....6.1...5,Easy
.4..9......9...7.6....568.......2..75...6..2.89.1.......8...9.2.6.......97....4..,Expert
...3.4....5.2.7....8............8.4....4..7.33..5.2.9...9.5...24.6..3..557.....8.,Easy
..2...8.9.4..2...63...91.........2.56.4....9....38..6.1......2....6....8..9...1..,Expert
..3.6...1...835......4..9.6.5....31.3...8..7...67..89.69..1......59.....1...4....,Intermediate
...9...2.....7.......4329.7.8....75.5.4.....91...23......1.....3.7...4.59....8...,Easy
8.....6...4...3.91......2.5..5.8........29...39.......48.5..1..9......4.6.3...5.2,Easy
.37.62....2..9.3.568..5..2......3.5.2.5.......7...9.8.9.....13..5...8.9.7........,Easy
...1.3...7...........679.3.3.1..2...2.53.61.9.4......5.7.......9..4.....5.42...61,Easy
4......92.78..6...6...2........6.9...2439...8....8.1.4..1......3.......78.7.1.4..,Intermediate
3.7.4...9.........284..6..3....3..2....7.96.88..2..5........9..4....2.8.....6.3.4,Expert
4..8..9....75.64....5.7......96.....5...1.....3...9........86.98......537.6.95..8,Easy
.....6349..4..8......3....6.1...9.......6....8.9...1.......482...2.3..7.7.82....1,Easy
7.4..5.3..63.8.5.2........41...6..58..8.27.........2.....7...2.......36....4....5,Intermediate
.451...6....72.94....4.9........7.18....9......7..25...6.91.2..2....4..1....5....,Expert
.4..3.58...5......7.3.6......4..1...5.742.6......8..52..1.....6.....3....68.4.3..,Easy
.......487.18..6.......5...5...61...6.....85..39...1..9.......3..7.3.5..36...4...,Expert
.....97.2.7......1..4.....8.......744.8.1......79...6.1...8..5....2......29.46.8.,Easy
..56.........1.7...8.7......1..8.4.......3...6........2.6..453.47...5.218...3....,Easy
..43...6..6.87...335..9.2....9..6..7.....29.8...48.6..79..............82.3.......,Easy
......8..7......3.153..4276.2.6..4....54.3...4....7.1..........6..7.5..22....1...,Easy
....6..5.7...1..46...75.29...71....96..4..5...8...56.22.......8.56..........27...,Expert
16.....472...4.......3..65.652..4....7...53............2415....8.1..3.......78...,Expert
78...2.....965...2...4..3..6.4..8.....29..5...5.7........2.6....63....9...5.9..4.,Easy
...2.3..1...1..5.2....7.8..7...9..5..528...4.1.....7.3.2.5.4.....5...9...7.31....,Expert
..3....9...9.5.7......2.1...5..16......3...4.2..4....3......57..619......9..4....,Easy
.753.....4.9...53..2..7.........29..5...3........4.1.318.........4.9.3717......2.,Easy
..8.....6...54....3.9...28.5.2.6.4.3.46....9..9.4..1....49.........3.6...3.28....,Expert
..8....91.5439..8..3.6.2.....9....15......6...4.5....2...9..5..........8.824.5...,Expert
.9.65..4..2..1468....9...7228.........9........65.1...5.........17865.2..6.1.....,Easy
.34.1...7..8..39..5.....4..36..51.......49.....5......6..17......3.....61.93.47..,Intermediate
9.8...7...54..1...3..5........8.51.9..64..5..8..36..........9.5..3.....878.......,Easy
....16....89.27361...3....7...851.39.............3.65....96.8....21.5...7....3...,Easy
..7...1.........864.1.75....4..6..2....5.3......2...6..6.854....1...6.3..2......7,Easy
..9...4..85.....7........56.9.....3.28..5.9..56..43....35..46........7...2....583,Easy
............4.98...7....14..4..7..5.7.692.....8.1......1..6.5........9.68......17,Intermediate
7..6....1..3..2..942.7...6..6.1...5..4...31..5......9.....753..............3..6.2,Expert
.1....7469....68...84.3.2.9...2.......1849...2.8....3...97.........1.6....6.9....,Easy
.1.2.6.....9..7...63..9......35..92.4..13.6.7.........14..2............67..6...5.,Easy
....5.9.........7......7612.2...6..4.4.9..5...6...8....946..2.1..8.....6..28...9.,Expert
.2...........5............181...9.3.5....1..7.67..3..2..8..7.53.3..98.2.9...3.8..,Easy
..8.59.41........3.9.4.2...36..2......53.4.1.2.4...........8.......1....8.2.9...6,Expert
.........7..9..125..53...7.3.75..6...9..21..7.2..6........7..3....8....1......8.9,Easy
...84.9...42..............7..5......7...3....231.57.......29.3.1.9..3.7...84....1,Easy
...1....9....9...3......6...12.3..9..7.5...6...6...7.....3.6.1.7.....2.88..2..35.,Easy
.....7..........4.58...2....2...4.89....7..54...8..3.241.......2....1.38875...1..,Easy
39.5...1.......4.7..84.............8..319..6...5...19..5.8.6........79.3........4,Easy
..6....9...23.....5........4.9.1....8..9......2.8....41.4.2..3........419.8.51.62,Expert
...7...4..783....63........7....14.3........96..4.5..8.8.5...34.1...79....3....57,Intermediate
...68.4...8...........2.....31....5...2.3...1..8.45.7..578..62....7..5..36....1..,Easy
..4....7.......9.4.5...2....3..2..86567......4........9...8..3...53...2.8..74.5.9,Easy
...4..6.....7....18....12..7..6.3.......179.4.8..9.....3.....9.2.....76...8162...,Easy
...6.....4...15..99...47..2.41.........7.1.35.39.26..7..5..2..........1.2........,Intermediate
4..6592.......2.....7.3...9......6.4.2.7...3.....45.1.......7.....1...53.7..63...,Easy
.8..35......2....9...4.8........4.913..7....4.4.15978..1...7...53.9........5..1..,Expert
...9...6..1...8......6738.....3..2...3.5.6........1...26...79.8..8.6..373.5...1..,Easy
2..7.139....8....44.......1.8..64....6..7.92.3...8......62..4..........2......18.,Expert
..94.....63...17.2.75..2.91.....5..4.......1.....17239...1.........56..79...2..56,Expert
.....3..7..6...21.37....5..8..51.3..7....6.29.....8..6.......8113.....9..29...6..,Intermediate
...6....4...8.4.364.9....1.......48...69...5...1.....3.....1....38.5.179.....3..8,Expert
3.9...6....4..6.......3.....1.5.3.......79..5.32..47.9..5.....76.....3..1..9.5..6,Intermediate
......9549.............7..1.38.......5.....1..1...4.72.....352.....458.7..5298..3,Easy
95...3.2.38.7.6...6.....9...7.48.........57.....9...85.......5..2..3.8.4....7.3..,Expert
3..5.....2.....4.6..4.2..15......17.....16...72....9.36..........92.5....53.9....,Easy
..9...3.7..6......5.......1.5.8.....7..29....3....152..1.63.98...3.576......2..3.,Intermediate
..58.76.1....6....9......5......4.7..8....9...12.......5..8.4.2.4.9..5..8...4....,Expert
....6.5..1.5........6..8..2..35.49.6....21......6..1..4....98....28...5...9.3...1,Easy
.............3..258..1.5....6..9.83.38.7..5..1..2...979.2......5.3..8.........9..,Intermediate
5...6......1.9...8.98.......1.8..76...264..85...27..9417.........4.2....6..1.5...,Simple
.8..9.37..5..6.8.......7.6..63...............941..8...4..6...9..97.854..6.8..3...,Expert
...9..4..2.54.38.7.6.....3......9..67..35..9......62.5.37.........5...4..2.7.....,Easy
.4.........2.....8.1.3..2..6..2...14....3..6..79.......276.......3..794.8...9.3..,Easy
3..4......5..1.8.......2371.613...57.........8...452..........4...8..16.....6.725,Expert
2.59..........2..51.74..3.8.....71.........9.3.2..1..7..3..42....45..81....7.3...,Expert
.6.........98..4...5....687.........39.4...1........73...78.....385.67.9.1.3.9.58,Expert
..2......3...5...9.4.8.6....9...8.568....2....3.1.4..........655.93......8..1..3.,Easy
34...2..5.....8..4....9..7.5.7.2.3.9....3....6.4..........7..48...946....5.8....6,Intermediate
....5..6....6785.....1....8.9.....3............378.9.13.6...49...1....7.5..8.36..,Expert
....6.74..7............85.6.57..1.9...98...62..469......29...75.....2.1..8......9,Expert
..12.........9.86....341....4..8..59......2..1.9..2..4.......3.9.......68..13...5,Easy
..2871...73..9........6.....7.....683.6.2...........51..8..9..61........9..132...,Easy
8.7...4..5......31..6..9..7...8.......4.6..5.......786....1.6.3.........3.89.75..,Easy
9....8.52..42.7......4...71.43.......7......8.25831....3..49......15......17....9,Expert
..4.36..2.92.8.6...6..2........94....8.....4........7.8......1...3.7.8..746..1..9,Intermediate
53..82...98.1.4..5...9......6.29.........5......41.3..3...2.98.........6.2.3.6.1.,Easy
19...37....2...36.8...6...1..1.....3..36...575............5..39.2.....8...8..1..6,Expert
67.....3.........79.1.36....3..25.46....9...5...1..7..3....1..44......51..2...37.,Intermediate
9..3...7..5.6.......2..9....7..9.....19.5...3.6.7..2.1..1.....76.71.....4....39..,Expert
4...............9..592..3.6...3..2.4.3...4.6168....9....5..........1968....6..4.3,Expert
..84....551....7.6.4.9............1.9..3....8.36.5.4...93...8..8......971.....5..,Expert
......8....12.....85.......5..3.12...32.7.....1.8.4..5.......384.81...6.32...5..1,Intermediate
78.6.324.61.45...3.......7....7..6.8.........35.........5..4..7.......8...38.6.14,Easy
....4.51.42....9..9.57....8.9.....42.......7...2...1....8..6...74...9........58.6,Easy
23....1...8...5..6..9.......6.8..4.........2.....195.35....6..9.24....8.3.62.....,Expert
.....4..6..8.61.3..1..5............9....1.387....75.1..9..3.....6.7...958...4....,Easy
13..6.8.4.7.8......65...2.........28..1...6.......51....6..7.1..1...85.3...4....2,Expert
......179.2.....4.......5...1932.....7..9.42....6....15..74...6.....1.9..81.....5,Easy
..4......3..6..85..5..8...713....5.94..9.8.1..8...76..9..5...4..4....3.6.........,Intermediate
28.4.13...6.......9.....2.4....38..65...6.......95..1.6.1.9..5.........3...2.6...,Expert
3...9.6..8.1..5......1.4.83..2..3.5..6945.......9.241..2.5......8...9.........29.,Expert
1.3..6....8.........2..8..........8.698.........4....2.3..4..2..2.8.94....6.2.5.3,Expert
.8....1.......94355...1.29....3.1.8.....4.5...5......234.7..........5..9...138..7,Easy
....6.7....68.7.45.....5.19...4...5....7.1..6..8..6.21.6.5.82....91......47......,Easy
.....87.6...5...8....94....7.4.5.12.6....4...........5..172.9.4.6....25....8.....,Expert
3.8.........7.....572.3.......4.58...9.31...71.5......4......5...1598...9....4.7.,Easy
...1.6...49..7...281...49.76.2.43....8..2..6...3.............789....1.4..........,Easy
.4...6.8.3..9....7..63..4..85..........5....3...........7..8..99.37..6...2..9.5..,Easy
......1..5....7..984...27............7.....61.6....9.4..415...61.2..68...9.8.....,Intermediate
.......3..742....5..5...4....1.4369..9.....12..3......6...7.9..15.....4.......7.3,Easy
8......62..67..9.......9....7...18..5..4..1.....627..5.2..1...7....74......5.6.9.,Easy
...83.9...9......4.........6...4...2.4..76.3..5...9.6.47..9...5..23....6......7.8,Easy
1...37.9...45...12..5......3.7.918........9.....258........2.........7.48.9..3...,Expert
......7..2....194.5.89...2..97...2.......3..7...2.93...1..2....4.........5.....78,Intermediate
7152...9...6.5.1...9.8..6.......9.5......5.....4.7...16......7.........42.....98.,Expert
342........8......1...4..8..6413.8..9....5..22..8.9..4513............615.......23,Expert
..83.....1.5.96......47.....9..84...8.3........6....7.61..3.9....9.5..4..3....8.6,Expert
.79.........9...5..1.4.27..6.4..1.......56..2.....9.61...7.5.9...6.......9....523,Easy
.4169.5...7....9.4.....8......4...6.3....671...6.....8..78..4....5...6.7...3...9.,Expert
...1.8...5...7...2.6........98..5.2.6.4.9...1.1....48......4....2.9.....4.1..7.5.,Easy
.6.........8954...1.9.87.........92..75....6.2..16..5...7..98..............426...,Expert
.....92.3.4618..59....4.1...........98.4.5.2.5.1.9..6.1..8.....39....8...........,Easy
.......4...3.......72.839...8.2......4...9...6.7.5....9..5.74......9.38..6..4..2.,Expert
.3..........5....9....2.....9...5...4..9.6.2.6.3.749.5..73....1..4.....7.52.19..6,Expert
..64..91..1..6.84...3.8..57.47.5.......9.....13.............5..6.5....7......7.3.,Easy
...956.........389..487......8.4..35.6...........3.......2947....7.8...64..5....2,Intermediate
.3....8.5.9468.........1....4.82..6...53..28...1.9.4...86........91............3.,Expert
.8......5......4..517....9...3.4..72....5.84..9.............15....37.9..1.24....8,Expert
.39....85..23.4.......75...5..9....7428..........13.......8....2.45.....9..4372..,Easy
.5..8.....72..4.....4.9...8.21.6.7.4..51.28..9.6.4.1.....9.............2.....1.9.,Expert
5.4...3.7.3.........2...1......1...8.4...26..361......8......252..57.4......3..1.,Expert
7...4.58.1.9...7..54....23.....7......78.1...4.8.3...5....9.1...2...7.......85.4.,Intermediate
..361....9...78.5.87...........3..1.......9........325.351297......8....6.93.....,Easy
....4.2.3.8...5.....2.1....4....68.57......3...1..74...1.7......3.85..2.8....154.,Easy
...5.9..8...7...4.....629........2...954......8.......1.69.8..7.58....1.97...65..,Expert
.....32..4.7..9.61....1...91...6.9..3..........67...8......6..8....4..7.7.93.24..,Easy
...8.9.5.....6.....47.2....9.......715.68..298...4.....1..562.......4.....92.....,Expert
.6...48.25.4.2.69..3..96.....831....1.3....4...6.........93......24.5....1..62...,Intermediate
.........8....9..39......7.4..2..7....3.4..825..3..9....2.7..18.1...8..4..9..2...,Easy
8.3...12.1..8.2..5....6.....3.6.....581.3...7..6...5........2..39.....86.2....73.,Easy
.....7.9............6.24...12.635...4.3..1..7.65...1...5....963...4...1....5.67..,Expert
34....6..15...97....9.8.5..6..........7..1....1.9.63.4...4...7....5....6.34.1....,Expert
..42...9.8..6..1.7.6.....8...689.......1.4..6.....74.......9.1...7.....84.....25.,Easy
...3.......3.9.45....548..191..57...3.........658.4...65.91.........6.....84....9,Expert
....61..4.53......2...8........2.....1.8..6...9..1345.42.........5.....9968..2.3.,Expert
9......1.......9.3...4...56..2..41.5.7......2...5.9..715.....744.3...2...9.....6.,Easy
..8....57...629.1.3......9.5.9.......8.5.3....7....6....1.5...87......2..9.7.....,Expert
....6.8.....8...4.3...79.......9.6.....1....559..381......1...6.1....3....7..495.,Expert
...4......7.1...2.6....5.8.4....7...3...2.6...........8..5.1..7..23.6.5.5...4..16,Intermediate
......4..2.....19797.....85.4...87.9...............321.1.27..3..5.....7..9..8...4,Intermediate
1.......2..92.46.5.3.1..974.......4..5...93.......7.9.5.246.....9........169.2...,Simple
..9..32......1......37...5....9....7....5..2......2.4.9.7..45...2..3..7135.6.....,Expert
.45..9..16............82..5....4....3.15..........1.5...6...4..4....8.23..9.36.8.,Easy
.7.........8.6..42.....2.87.2..7......78.431.6..3.5......7.3528...1.........4....,Easy
3.4.1...81.........8........7..53.6.6..7.28..51...8..326..4....4.8.2.......8...1.,Intermediate
...13.....618...5...........5...1..3..64..9.....95..8181.2.6....42...5........8.9,Easy
2.....7...9.2...8.15.....3.4.......1...4...98.7..1.....8......334....21.51..39...,Easy
9....8..45....4.71......86.4.68....3..5.6...918..5.........6......3...4..74..9.3.,Expert
.2...15.8.......2.956.3..........4652..5...........3..3..1.2......34.91....69....,Easy
.....5..7..4.3.1..9.8......45.8......8....5617.3....9...76...43......6...46.9...8,Intermediate
..6.19...92...3..63.4.72...7.3.24....18...94.2...6....4......9..3...8.......9...7,Easy
...8...7...1.........9.1..3.9..7.82.12...5.....36.....6.....317..........8....596,Expert
..8.....5..4...618......3.......6.9....1....256..23...62.351......8....1.8.9.4...,Easy
..1.2.7.......3.62...17.......916..7......8..35..........59..368.....21..9.......,Expert
...4.........2.3.62.9.76...9....12........6..53.....4.16......2.5..1....4.2.5..37,Expert
....4....3....9....148.3..9.6...1.9.12..7..6...7..621....41.....8....7.3....28...,Expert
..2.8..4.7....1.6.518.6..7...6.....2...3486..............6.7....3..2.4....7....3.,Intermediate
..893.2....9...64...3.4.......3.7......12..9.....8...6.8621...7...6..42.9.4......,Easy
....7.23.1...2.6.7.........7.29.3.......1.8...146...........46.3...6..29..78..3..,Easy
...2..8...9..4.5..8..5.673..37......4..........8..4...3.4..7.8...96..3.5.5......2,Intermediate
38....9......6.18...93...7......6...238...5...7.1......5.......8..9.27......3..51,Expert
...95.41.8...42.37..2.....5....24.7...3...2.....7.....3..17.....29........1.95...,Expert
..9...53.8...........923.....1.8...69.46.582...6.324...4.......2......8.......145,Easy
3..9..4...9......27....3.5.....8.......3...6.....4..29.6.4...984.5........9.75..6,Expert
75...8.....1....5.2.4....8......4..1..5.1.832...2....7......2.....6.1...8.2..547.,Easy
..3....9..561...8328.......8....5....39.....6.6.....25.......78.25.936...1.2.7...,Expert
.4..8...51...479.....56.7....4176............73.....8..8.3.4.9.....9.8..49.......,Easy
.......6..1.87....7......4....6......5.281....219.4...17.....9...8..95....21.5.74,Intermediate
3..5...9.72...14.5..4.....64......691..49.5..97...3.2......72.....6........3...7.,Expert
..49......7..........84..........2..1...6..4.69..13.7.3...7...848..9.72...16...9.,Expert
.236..7...6.......1........79.3.1.2..1..89.....8.2.........43.8.32..86..8.....49.,Easy
1..5.48.....2......293.6...4..............513835.........4...9.6.4...1.5.......32,Intermediate
.....79.325..63.1.9......2..96.1.....8.5.........2...1.....5..6.2718....8........,Easy
....9.....71826....6.......4.2..1.76.........7.....3.8.379..8..8..74.1.9.2.....3.,Expert
7.5...2......1.....8..9.1...7.2.43..5.1.3....2...5.8.......54973....152..........,Intermediate
....1.....3....6.5.....3.87....64.2...2......1.582.7...8.3....16...4..3.2......74,Expert
.....9..35..84..........1.....1.69...1..7.35..89.5....1.379.....4...8...9...15..6,Expert
5..31...9.........9..6.7.4.1.87..........1.3..47985...46.5...93.7....6......9....,Intermediate
..4.57.92..........7...13...45.132......84.....3.........8..5..3......215...92..4,Intermediate
2.......8...7........9..162....69...7.924.8....6....4......8..489.4..7.......3...,Easy
..........2..7....9.....78....3.6.5.1...5..2.85.2.761..1.53.8....2..9.35.....21..,Easy
61...43...923.....7.3.....4......72.2.764...5......1...........1...7.59.9......72,Expert
983.......5...8...7.2......2.65........6.23...9......7.3..1.7.6...8.6....1.92358.,Easy
4.5.....7.92....8..1........43....2.....8..7.2...9...43.....9.......5..2..7.49518,Expert
..4.382....3..7...68.......9.1....8..2..........629......4..87..48.7....1.6.8...3,Intermediate
.5..2.1.86.174...9.....5.7.7...1.9.4.2..........6..85.........6...26..91...4...8.,Expert
.9.5....36...3.7.9.....1....3...71..51.6.8.......9.2.5...2.5..6...3..9......6...2,Easy
...7..683.6.2.47..8...5......6....71......3..518.......874...36..4.........5..82.,Intermediate
8.3..6.......7.5....753.6..5..2.4...24..587.1....1...4..8..........2...........23,Easy
...1..7....3....4..2..7.895..95.....6.1.47..8...6.145.4..85.1.98......6.......5..,Expert
....29....31......2.7.3..5...6.4............7.4.6.39..4...6.....63.....5..97..1..,Expert
.....3.92.35..2.1.87.4..3..1......89.....17..2..6..........4.2......81......7..43,Easy
61..93....3...5..1...8.1.7..67.2.95........62........8.2..7..8.........5.9..5..3.,Easy
.7...3.1.15....64.......8....8149.........5..4..8.......9..1...3..754....6.9.....,Easy
72..1...435...7..9..62.........417.....6.24.11.....3..26......7...37.......9.5...,Expert
.....58.........4..7.......3..4...97.....2..8....6835..5..8.6...4.9..53...6..3..9,Simple
..3.5.....85.9...6..761.2..19..83.7...65..1...3.......8.....7......62............,Easy
...3....5.5..........4....8.78.5.3.4....3....4..8.9.57.25....766...2....3....689.,Expert
...8.5.76......4.1...6.....5.7.....2..42..1.3...1...57..251.3...46..38.........2.,Easy
...3..51.9.....4....87....6.4968...3...........3.5.941.6....3.4..7.........56.8..,Expert
.......6...1....3..3.54.......49538....6.1..9.......1.49....1.....97...47.6.3.8..,Expert
..9...16.4....2..8.....8.94.......817...9......1..42.9.....1.3.9.6.....7.83.....6,Easy
679...........6.....5.1..9..8..5..4.3.4.....9...8..3...4....7..5.3.....6..1..358.,Intermediate
.....23.7.....7....6.15....87253...65.........3..4....356......48.37.1..2...84...,Easy
7....93...6..4...1.....36...1..2....2.....5..43.5....7..6.74.....72.1.35........4,Easy
87.2..1..3.........4.3.8....5.............4.84..8.23.72......146....78.2.....6...,Expert
8..........9.........1....7....52.1...78...6569.7...84...4....1.12..8.767....6..8,Easy
..3..8.5787.......2..3.........43.8...628.4....2............9...6.4..5...9.5.7.32,Easy
...1.2..9.......5..3.79.1...1.5..647........1...46..9.1.3....2...6..7....97..54..,Easy
.9..31.....896.4.23.27..6........7....9.8...3176.9...4..7........1.2.8........9.6,Simple
.48...6.....1.4..9.......85...6....852..419.6...7..52....417..2......7.....25..64,Easy
12..6....5.8.......6.27.......4.8.....9...2.7....92.45.96......8..5.......218...6,Easy
.4....8.5...5...47.659....2......1....1.2.4.6.7......8..7...26.412.9.....5...4...,Expert
.2.....7...452.9....9...8.58....67....5.....3....39.5..7......4932.........87....,Intermediate
2..9......9458.2..5.8.27..........2...7..94.1.....4....3.81.....413.2....29......,Easy
..8.....99....5..43..2.465...345.9.....1.....62....3......4...3..9...2......61...,Expert
......4..9...61....814...6.39...78...5.....76...1.8......3....8..4.9.......846..5,Intermediate
..14.........8...2...159...2..9..4...9.54.1.........6..5......1...6..953..4.2.68.,Easy
8.....7...2..9.34.4..63...96.3..81......1.........3...1.8..49.......9.8.2......63,Expert
.24......6.....8.28.5.92....5....284...7..9..18...9..551....4.97.6.8.....4..1..6.,Easy
7.........2..6..3.1...3.5...7.1...423.8.....6........1....7....5..2..8.3.463..1..,Easy
.......6.9.82.154.514..............6.514.62...2.....1...95....7.4.1...9......4...,Expert
..3...9......47.8...5.1..............182...572.9...8.3...129...95.3......7.4.....,Intermediate
842.......15.6....9..7.2.....9.26..8.....5...1..8.....5...7..89...4....2..8....7.,Easy
.......365....4...4..63...77....9...9...4.2....3.685......25....9..76..2...89....,Easy
....6.4........1..2.............6.579.315.2..65.2....9..9.4...5..73....154..2..3.,Easy
